name	sequence
seq10261_shuffled_0	ACCCTGTGGGAGTTGCTGCTGGTCCGGGCACAGGGGGCAGAGTGCAACCCTCTGGCCAAGGGTATGTCCAGGAGCCGCTGTTGCAGCAAGGAGCTGCACATCCTGGTGTCTTACTGGTGAGGGTCTGGTGCCTCTGGAGCAGCTGAGACCTGTGAGAGGGCTGGGGTGAGTCGGGAAGCTCTGTCTGAACCCGCCCATGA
seq10360_shuffled_0	CCAATGGGAGGACAAGCAGGATGCGACTGAAATCTCATTAATTGTGGGAATGATATCTTTTTAGTGCACAGTGAGATGAGGGTAACCCATGAACAAGGCTGTGCACTTCACAATGTCTTCTGCAGTAGCCTGGAAAGTAAAGTGCACTCCCTAAAAAAATCATGCTTAGGTGCGAGCCATAGGGGATTGGGTCCAGCTCC
seq10424_shuffled_0	ATGATGCTGCTATTTTCTTTGAACCATAGTGTTTCAAGTGATCAACTTTAGCCAAAACTGTGGCAAAACAGCAGATTTTCTATCCTGATTACAAACACCTGCAGATGCCTACTGAAAACCTAAAGTTCCTTCTCCCTGAGATGCAACTGATAGAGCCAGCCCCAAAGCTGCCCAAATCTTAGGGAAGAGCCAAGGGTCTG
seq10554_shuffled_0	GTGCTCTGATCTAACACTCTGTTGATTGTGGTTTCACTTGCTTGACTTAAGTCATCCCACTATGGCTCCACTGTTTGAATGGTGAGTAGATGTGGATTTATTGATACATACTCCTGAGGCCCACTGCCAAGCTAAGGTACGATGACATGCATGAGACCTGCAGCCTGTGATGTCAAAGTTTTGAAATTGTTTCTGATCTG
seq10700_shuffled_0	AATTTGTAGCTGGCATTGTAGTTTATTGGGGTTCTAATACAGAGCCAGGCCTTGCAAAGGACTATTATTGACTGCAGAGCTTTCTTGTGCTTCCAAAAAGTTTTTTTATGCCAGTTGGGCTTACAAGCATTGTTGCTGAAGCTGTCTTGCATATTTCAAGGAAGCAGTCTAGACTGGGTTTTTTGCGTAGCATTTAGTAT
seq10713_shuffled_0	CCATCTAAATGAGTCTACAGTTTGCTGAAGTTTTATGTTTTAGTATAGTAATTCACATTTTTGTCCTCAGTTCTGCAGGGGACACTGGTACAAAAAACATCCAAGGAGACCCTATCAAGGATTATGTCTTTAGATAAGTTTAGTGAAACTGAAGGAGATTGACGTATCCTTTTAGGTGAAGTTGGCAGTTCCCTTGGGCT
seq10963_shuffled_0	CTTTAGAAGAGAGGACCCAGGCAGTTCTCCAGCTGGTATCTGTCTGGGGCCTCCTTGACTGGTGTGCCTGCCTTTAAAGCCTTGTCTTCCCTGTTAGGTGTCCCAGTTTCATAGCCCATTGTTCTATACTCACTGTTCCCTAGAGCTTGTGCAAAAATTAGACCTCACATTGATATGTTCAAGCCTAATTGATGCCTTGT
seq11259_shuffled_0	ACACCCTAACACAGGTTGTGTGATTGTGGTAAGCAGCAACCTGGTGGTAGGCAAACATAGCCCACTAGCTAGAAAGAACAGAAAATCCAACAATCAGTGCACCCAGCATCATGTTGTAGGGGTGAGATTAGTTTCCCCATTTAGAAAGATGGATAGAGCCAGCCATGGGGCAGTCAGATAACCATTGATAAGGGCACACG
seq11296_shuffled_0	ATCACAGCAAGTGAAGACATGATGCTTGACAACATGGCTTGGGGTGTCACAGGCAACAGTTGCAATACACCACAAACCAACAATAAAAGGTGCAATGATTCAAGGACATGGACACACAGACATTTGGGATTACATAACTTGCAGGAACCTGGCACAAAACTGATTTGCAGTATGCTTACAATCATACTTCACAAACGCAC
seq11396_shuffled_0	CTCACCTCAGGCAGCTGGAACGGTCCTGCTTGAGCGTGGAGCTTCCACACCGGCGACCAGTGACACACCTTCAGCGGAGTTTCGGTGCGAAACCCCCACTGGGAGCGTGTCCGGCACCAGCCCAGCATTGCTGTGTGGAATCGAGGCGGTCCCCTCCCCTCTGGTCGCACCATACGCTGTCTGCTCAGGTCCGCCATTAA
seq11895_shuffled_0	AGGGAGTCTTCCTCACCAAGCATGCTGTTTAGAAAGCGATTGAACACTTTTTGCATGAGTAAGTTGAGCACAACCCGTTACCCACTGCAGCCAGAGCTTAGAATTATCATAGCTCTCTCAACTAAAAAATACTTTTGTTGGTAATCCTACTGACTGGCTATAAACTTATACTATCCACAATTAACAAACCATCAACTTTG
seq11949_shuffled_0	AAATAGTAGTGGACCTCAGCCATTTCTAGTGTAGCAAGAGCTTCATTGAACATGGTCAGAAAGGTGGATTCATTCCTACAATACCCTTAGAGTATCCCTCCATGGTGAACACCTGATTGCTTTCTTCTGTAATTGGTGACCCCTATTCACCAGTTGCCGATAACATTTGGGGTCTCTCTCCCTCCATACTTGACCTAACT
seq11951_shuffled_0	TGAACTCAGGCCGCTGTAAGACCCCGGAGCCTTAACCACCTTCCTGCTATCCGGCTGACTGGGCAACCGAGGCACTTGGCCGGTTCGTGGCGCCCTGCCAGCCCCTTGGCCGCTGTACGCAGCCTGGCTCAGTGCCTGGCCTTCCGCTTGTGGTGGCTGGCCCCTGGCCAGGCCTGACGACGCCCTGGAGCGGGCCCAGA
seq12212_shuffled_0	CAGTGCTTCCATCAGAGAACACTTCATTTAAGGCATCTTACCCCTCATCTAAAAGGGCTCTGCCAAATGTTCCGCACAAGTAAGAAGTCGATTGGCTCCCTCTCACAAAATTCTTACTCACCTTGTGCAAATGCTCTGCCCCCCTCATCATTCCTCCTTACAAGAGCCCTAACTCTCTTCTACATCCACCCATCAACACC
seq12244_shuffled_0	TTGCAGGCTCAAGACTGCGAATAGAGATCTCAGGTTTACACCCTGGCTGAGTTTGGCCCTTGGGGTTTAAGTTGTCATGTTTGTAGCAGCATCTTCATTCCGGGGAATGAGTGGCATACACTTTTAATCAAGTAGTTGAGGACAGCCAAAATGCGCTTTTCACTGGCCACACCGGGGGAGCACCAGACCATGGTTTTATT
seq12411_shuffled_0	ACCAGTGCAGAGAGGAGCATGCAGGAGGCGGAAGTATTTGGGAGGGGGGAAACTCAAGGTGCTGAGTCGGCTTGTTGTGGCTAATTCAAGAGCACAGAAACTCTTTCGTATCTCCTGGGGTGAAAGGCTAGTTGACTTCGTGTTGTGCCTTTAACTTGTGGCTGAGACCGTTTGGCATGGGAAAAATGCGTTGCTTACGG
seq13052_shuffled_0	CACATCTCAGTGACTTTCAGGGCATCCAGAACCATCCATTTGGACTCTTTTGGAGGAGACTCGGGGAAGGCAGGACACTGGCAACATGCAGTAGATTGGGTGGAGGACTCTTGGAGGGGCTTCTAGAGGGAACTGAGAGTGGCACTTGGCAGACAGATTGGTGTCATTGTGAGAGCACGTCGAATGGGCCAGCAGGTTGG
seq13277_shuffled_0	AGGGACCTCCTAATTCTTCCGAAGAGGTGAAAACTGACTAGGAAATGGGAGAGATGCTTGGAACCCAGCAATTTCAGAAAAAGACCCTCTTCACCAGTTATGTTAAACTGTGAGAACCTTCACTTGGCTGAGCAGCTTAGTCGGTGAGGGTCTGGCTAGGCAAAAGGTCACACCAGGGATGAGAAAAGAAGCCAGAAGAA
seq134_shuffled_0	CCACTCACCCCTCCCAGTTGGTATGCTAGTGCAAACTAGTCTAAGTCCATCTCTGGAGACTTCTCTTCGCCTGGCATACCAAAGCATCGTAATTGGCTTATGGCTTTTGTTGTTTGACAGGGACTGGATGGAGAGAGCAACAATGTTGTACCCCGCTTCTATGGGTGTCAGGGCCCCTGCATGTCTTTTGCCTATTTGAA
seq13506_shuffled_0	TGGCAATATTGACACCTTTGAAACTTTTCCTGATGCAGAACAAAATTGTACTGATTGGAACATCCCTCAGAGTTTTTAAATATGGGGCAACCTCCATAGTTCAGAAGAGGAGCAGGAAATTGGCTTCTGCACCCTTAGGAAAACAATATCAATGCCTAGAGACCTAAAATGGTCGAAAATAAGATTGAGCCTGGAGGAAA
seq13596_shuffled_0	CACTTTGGACATAGATCTTGTAGCTCAACAATGCTACTTAAAGCAAGTGGAAAAATAGTGTAATGAATTTACGGTTAACTTCCCAAACTATAAATTGTGGGCAAATACAGCACCTCTAGTAATAGGAGAATTCCAAGAGGGGTATACTAAAAAAAATCCCAAAAGGTCATTATTAAAGACAAATACGCAGAGGCCAACAT
seq13651_shuffled_0	CGAGAGTGCTCACCACGGTTTGGGTCATACGATTTTACTTTCTGCACTTTGTGTGGCATCCGAGGTCCTCTCTGTTGCAAACCTGCATTTTGATTTTCGCTTGCTTTTTGAAGCAGCAGAATGAGAGGGCCGCAAACAGTGGCCAGTTCAATCAGGGCGGGATACTTGTTTACCAACAAGACTAGTCCTCATTCCATTCT
seq1375_shuffled_0	TTGGACCTTCTTCTCACTGTGGTTTTCACCAATCTGCATGTCTGTTTGTTGATAGTATTAAGTGAGACCTTTGACCCAGTGCAGAGGCATTAGTCCCAAGGGCTCAAGTAACTCGTCAATACTTGAGTCCTCTGTTTTAACCATCCAACCATATGTGCAACTTACCTCTAAGTCTTCAAAAGAATCCATAGTTGTATAGC
seq13754_shuffled_0	TGATGCCAATCCCAATGTGAAAAGCATTGATGACTACTTCACAAACTCTCCTTGACCTTAGGATTTTTCTAGTGCACTCACATGATGCCAGTGATATGTGATTCACTGTCGCTGCCCCTGCAATAAGTGCTAAGTTTGTGTTATTGCAGGATAGGTCCTCACCCACTCATTTAAACAACCAGGCCAAAAGCTTAGAATCC
seq13776_shuffled_0	AAACCAGCAGTTCACTATGTTCATCAATTTTACTCATTCCCTTCATTTTTAACCAGAGATCATCAACCTAAACCCCCATATAAACCTTCAACTAAAATGTTGGACCTCTCATATAACCAATACCAAAGATTACATCAGAGCTTTAATTTTCACAGCCAAATGCCCTATTTACCACTCCTTTTGGTAGTCATATGTTGACT
seq14018_shuffled_0	GCTCATCCAAGGTTCCTTAACAATTCACATTCTCTGACTCCAAGACATTCTATGTGGGTGGATTGCTTCAAGTTCCACATGTCCTTAGAGAGTAAGGGTCCTAGACTCTGTGTGCTGCTTCAGCTTGAACTCTCAGCTGTTGGGTACGGAGCAGTCGGATCCTTCCTTGATGAAACTCGCTTGGAACATTTAATCTAGCA
seq14188_shuffled_0	TATAACAGTTCTTCAACAACAATGCAGAGAGGGAGCACGTCAAGGTTTTGCATAGTTATCAGCCTTCTCTCAGTTGCACTAAGTCACTCTTTGTTAGCTCAATGCTTCACCGAGAAAATATGGGTCTAAGGCGGCTTGTGAAGGCTAGTGAACAATTTCTCAGATCACTAACTGGCTGAGAGTGGGGCATCCGTACACCA
seq14209_shuffled_0	AGAAGGGGGAGAGGGGCTTTACCGCAGGTGAGTGTGTCCTTTGCAGCCAGTGATCCCCTGTGAATTCTCTGGGGGGCAAGGGGGGATGGTACTGGGTCGACCTGAGCCTGAGATGGAGGGGTAGTAGTTAGATCTAGAAAAATCCTCACAGGAAATGGAGGCTGGCCAGAAACTCTGCGAGCCACTGTGCTGAGGGTGTT
seq14240_shuffled_0	CAAGAAGCTCCCAGCATGCCCAGTGCTTAGGGGAGAAAGGATCTGACACTGATATGTGGACACTTTAATTGCTTGAATGATAGGACATGAACCAATGACTGCTTACCCTCCAAAGAAGTTTGATACATTGAGTGATCTTGTAGTAAGACTTACAGATCACCTACTCTAGAGCTATGCCACAACAGGCACAGAACATCTCT
seq14350_shuffled_0	AGGTTGTCTACTGCTTTAGTGCCTTTGGAGATGTAGGATTATACTGGCAGCGAATTGCATTGCTTAACAATAGACTGTCTCGACTTTGAGATGGATGACACTCGCCTGTGACCATACTCAAGAACAGGCCAGCTAGTTAACTTCATTGTCCTGTCTGTGACCAGAGCTTGCGCAGTCAAACTTGGTGGGGAGTAGTTTTG
seq14763_shuffled_0	GTTGCTGGTCCCCACGGCAGACTAAGCCACTCACTAGGGTCCCAAACGCGCCTCCCGCATGCCTGGTTCCTCTCTACTCGCCTCCCATGGATCATCTAGTAACTCCCGCGTTAGCTTTGCTCACCCCTTGCCATCACCACCCAGCCCATGGGTGCTACACAATGTTGTCGCGGCTCCCTGTCCCCCCATGTTTGCCTCCT
seq15183_shuffled_0	TTTCCCCATAGTTACCAACCTTAATCTAGACAAAAACTTATTGTTTGCTTGTGTCTGATCTAGTTAACTGCGATTTTGAAGTAGAAGTTCTCAGGAGTCACTAACTTTTCTCACCTAGTCCTTTTTTTCCAAATGCCTCATTTGAAACTGACTGTCCATGATTGTTTAATTGTTATTAAGATAGGAGGCTTTTAGTTTAT
seq15286_shuffled_0	GAGAGGATCAGTAGCTGCACAGGGTTCTGAATTCTGCATTCTTACTCCTAAGTCCGTAAGGGTCTAAACCTTATGGCATCACTGTCTGTTGGCTCGATAAGGCTACTAGTGCCATTTACGTTTGCTACTTTTCCTTGCCAGATTACGGCCCTTGGTATCCTATAGGTGGAACAGATGGGCTTCCTCATCCGGATACCCAG
seq15318_shuffled_0	GGACTTGAGATTAGCCACACTCAATGCAAGAGAAGAACTTCAGGGCCCCAAAGTCAGCGTGAACCCTGTGTCTTGAGGGATGGTGCAAGTGACACTGTGACAGGCCAGCAAATGAGGCTCCCAAGTCGAGCAGTAGTCACCAATTGTGGGCAGCTGCCCCATCCCCAGGGGTGCTCTGGCAATATCGTGACGCGCAGCCG
seq15386_shuffled_0	GTCATCACTTGCGTTTTTGCGGTACTGAACTCAACTGTCGCAGACTGCAACCAGGCTTGGCCGAGCTCTCTGAGGACGAGATCTGGTAGTTCAAACACATAGGTACAAGAGAAACCAGGGGTATCCCTGGAGGAATGTCGGTATGTAATGGGGCTGGGTCAAAGGGGAACTCAGGAAGGGCCGCTAATGTGTACTTACTG
seq15667_shuffled_0	CACTTTGAAAGACTCCTTATGTGGCAAGGTCTTAACTTTGCCTTCCCTCACCAGTAACTACTTCCCAATATGCCTGTCTACTGGAGCAGGAACGCTCCTCAGGGCTGCATTGTATAAACACCCCCTGCTAGCTCGACCTTCGCTCAACCCCTTGCTGGTGACTTTCAAGTCTCCCTAAAGGATCCCTCAATCCTCACTAC
seq15807_shuffled_0	AGGAATGAGCGCCTTAAGGTCCTCCAGCCTGGGATGGCAACCTCCTCGAGTTAGTGAGCTCCCATGAATCCACACTGCCGCAGAACCCAGATCATTCCTGCAGTCCCGGCTCTTAGAGAGGAGACAAGGGGCAGCTCCTGCCATGGTGAAAAGCCAGGCATGTGTCCCAATGGACACAAAGCTATTGATGCACCTAAGCA
seq15878_shuffled_0	AATTCAAAAGATAGGCATTGTCCAAAACTCTTTTCCAAAGACAGCAGATTAGATGTTAAGGCATGCTTTGCATATGCAAAGCTGCAAGATAAGGCAGGTAAATGCCGCTGAGCAGTATTCGGGTAGTAGAATAAGCTTTTAAAGGCAAAACTATTAGTCCTTCCATTGAAGAGAAATTAGAAGGCAGTGGGGTTATGGAA
seq15943_shuffled_0	ATGTGATCCAGCTTATGTTGCCACAAATTAGGTAGAATGGATATAGGAGCAATGTCAGAAGACTGACAACTGACAATATTTTTTGCTAAGAGTCAAGCATCTTGCGCATAGAGGTATCACATTTTAGACTGGACCTGAAAAGATTTGGCCCAATAGCATTATTTTAAATCTAAGACAAAGGCAAGCTAGACTTGTTGAAA
seq1624_shuffled_0	CGAAAGCTCAAATGACCCAGAAATGGGCAGAAGAAACCAGAAAGAATTTAGACCAAAATCCCACTCAGTATCTGACACCCTGATGTAATAATTGGTGCAGCTCCATGCTTAACAACAGAAGGAGCTTAAATAGAGTTAGAGACTGATACCTCTTGAAAAATATCAACTTATGAAAAAGTACCTACTATCCAAAGACACTA
seq16240_shuffled_0	TAATCCTGCTTATCCTAAAAAATATGCCTCTAACACATTCAAAAGAGATAAGGGTAGGTAAGCACTACTTGTGGCACTCAAATTTGGTTTTAAGAAATGACTATTCTTTTAAGAGTGATTTCATCACCAGAAGTGTTTAGATTAACTAATGAACTACTTACTTCTCTGAGCAATTTTTGCTGTCAAGAAAAACTCAAACC
seq16285_shuffled_0	GCAAAGTCTAAGAATTTCTAGCATTCCAGAGTTAAAATAAACCCATGAAGCTCACTGAAGATAGTCAAGGACTGTATCTGTAAACAATTGAATTGTTAGGGCTTCACACTACTGATTTAAACAGTTATAACTAAGAGGTCTGGGTCAGAAATCAAAACTGTATAAGCCCCTTCAGTCAATAGAGAGCTTAAACACTTCGG
seq16452_shuffled_0	CTCCTTGGTCTGTGAGCTCTGCCTCTGTGTTGGCTACTCCCTACCTCATAGGATCTCTGTGACTTGTGCTGTCACTTCTTGGTGTGTTTCCTGACCAGGTTGCATCTTGCCAAGAGGATGTCTTGATGTTTTTCAGTCTAGCGTGCCACTTCATGTCCACAACTGCCTACCCTCGTCTTAGGTGAGATTGCTGCTGATGT
seq16650_shuffled_0	TGAGGGTTTCACAACCAACTGGTAGTGTTGAATATGCACCAGCCTGTGGCTGACCAACTTGCTACATGCTATAATGTATAGACAGAGCACATACTGATGGCAGAAGATATCTGATCATGCATGCACATTATCGTACATTAGTTGTACATTACAAGAATATTGTCGTAAGTATAATGTGCTCCAATATGTTGAAAGGGTGA
seq16712_shuffled_0	GCAAGCCCCAAGAATTCGAGGGAGTCTAGAGGGCTAGCTTAGACAACATCCCTTGCTTGCTTTCCTCTCCTGGATGACAGGGGAGATTTGTGAGAGGTCCAACCAAGCAGGAGGGGGCTTGCAGAGTTTCGAATTTAGGCCCAAAAGGGGGGGAGCCCCCTTCTAGGAGTCGAGTTGGAGGACCAGCGGAGGGGCACTTT
seq1676_shuffled_0	TTGCTGATGACAGCTTAGTCACCTGACATGACTAGCCAGACTGCCAAAGACATCCAGCCTAAGACAATCAAACAAGCTCCCTGTAATGTGCTCTCCCCCCAGCAAAGAACGAGATGATGAAAGCACTTAAAGGCCAAGGCAGGCTGCAGCAGAGGACCCTGGAATCGAGTTTGATTCTTTGGATCATCGTGATTTGCTGT
seq16786_shuffled_0	TGGAACTTGGAATGGGAGAGAAAATCAGTTAGTAGGGTTAGAAAGAAGAAAGGGATTCCAAGGGCAAAGTCTTGGGAGGAAGGAATGAAACCACTGCAAGAATAGGAATATCTGATAAAGGAAAAGCTTCCTTATGTATTAAAAATCTCTTAAAATGATGTTTCGGTTTCCTGGGGCCCCAGAACCATCTGCTGATTTGC
seq16815_shuffled_0	TATGAGTAATATCAACGCAAGGCTGACCCTCGTCCTTGATCTTTCCCCGAAGGGTCAAAAAATTGCAAGTTGAACTTACTTATGTTTTCGCAGCAAGTACCAGTATTTTAAAGTAAGGCACAAGGCTACTCAATCCAAAATATAACTCAAAAGGTTCAGTGCGACTTATTGCTGCCAGTGTATCCTGTGCGTAAAGCAGG
seq16867_shuffled_0	AGTAGTGTAAATCGACCGGGGGATGGTGAAAGGCTTTACTTCTGAGCAATATTTGCATGGAGCCCCCAAGCCTTTGACTTTTCTGCCAACTCCAGCTACAAACGAACACCTCTCAAAGTAACCTGAAGGCGAAGAGAATATTACTGAACAGGAGAAGGGCTGAGCATCCATAGAAAGTTGAAGTGTGCACAAAGGGTCCT
seq16942_shuffled_0	CTCATCTTATCAAGGCTTGTTGCTGAGAGTGAAGTTTTGCCACTCACTTCAATGATCAATAATGCTGGTCTCTTGGGTTAGGCTTTTGGGACCAGGACTTGTGGGGGGCTGGGGGTTAGACACAAGCAATCAGAATCACAATAACATCTGGTCGGAGTTTTGCTTTCTGGCTCTGGTGGTGACAACTTAGAGGTGTCTTG
seq17159_shuffled_0	TAAGTCCTACATGTAACTCCGCCCTAGAACTTGAGCTCAAATCTCAGTTAAGTATCAAACCCCCTTGATTCTCTCAGAACATACATCATTTAAACTCCCTCAAATAATGAAGTACTTTTGTATTTGAGACACCAGCAATGGATGAAGCAGTGGCAGAACTGGCAATGTAAAGGACCCATGCTCATGTGCCTACAGCTACT
seq17757_shuffled_0	GAACACAAGACAAAGTGCCTCCTGACAAATCTTGGGATCTCAACAGAAAGCTTTACTCTGTGCCAGTGAGAGCTAGACAAGGCAGCAGTTGCAATTGAACCTCCAGCAGACCTTTTCAGAGAGCAAAAGACAAGAGAAGTAAGGACAGAAGACTGCTTCTGGGTGAATCATAGACAACGCAGCTGAGCAACAAGCCAGCA
seq1782_shuffled_0	CAATTAATTTTAGTGGTAGGTAGAGATGACTGGTGTGCGTATAGGCAGTGTGTGCAGATTTTGGAGGCATTCTTACTATTGTGGACTGACCAACCATAGAATTAAGAAAGCGAGAGGAACTATAAATGTGTTTACTTCACTCCTGAATAAATGGATTGGCATGTGCCCAAGAATATGTTGTGAGAGAATCATGGTCCTAG
seq17888_shuffled_0	TTTAGTACCTATTGATAAAGGTTAGGCACCATCTATGAAGATCTTTCAAATACAATTCTTAAGTATTGTTCTGCAGCATGCAAGACAGCCGACTCACCAGATTGGCTCATAAGGTTTTTACAGTGAGAGGCACTCAAATTAGTAATGGAGCTAGAGAGTGGGAGCCTTGTACTTATCTCGAGAACAGATTGTGATCTGTC
seq17916_shuffled_0	AAGCAAGCAGGGTACAGTTTTCATTTTTTAAAGAACAGGTGCACACTGGAAGTCTGATTGAAAGAACCAGAAGGCGCCCAAGGAACAGAGTCAACATCACTGGAGAAACAATTATTTGATTGAACTAGACGGCAGGGGAGGTAGATCCAAATGTGCTAACTGATGCTTGGAAACATTATTCTACCAGGTAAAGATCCCAC
seq17944_shuffled_0	ATAGGTTTCAGAACTTTTTTTTTGATTCAAGCTGAACCATGGGTTCTACAATGGGAGCTTCTTCCAATTCCATCACGGGAGTTGCATGGCTTCAGACTATATAGCTGTTTAGTCTATGTATAACAGCTGAAAGAATTTGTACAAAAAACCTATACTTATCTAGGGAGGCAAAAAATGGTATGAATTCAATGCTTATATAG
seq17982_shuffled_0	CATAACCTTGAGAACATCCAGAACAGAGCTTCACATTCTAAGTCAACTGCACCCACCCTTCATTTCTGATTTCCCTGCTCACTGTCCAGCAGCTTTGGTCTCTTTATGTTTCTTTCGCGCCATTGGGATGTTTCTTCTGACTCTTTCTGCCCACCCCAGAAGGTCTGGGATCTCTGCTGGCCACACCTTGTTCTTTCACA
seq18200_shuffled_0	CCACACTTTACAGAACCACCTTCTTTTGAATACTGTTGGCCAGTTTTTAAAACAAAATGGGCAAGGCTATGGACTGTTCCCCAGAACAATCTGTTGTCCACAACTGAATGCTAGTAGGAGATCGGGGAAGATCCTTGCCTGCTCAGGCGCTTGAGATGTGCTGATTCGCTCATTTAGTCCAGGTGACGTTTTTACTAGAA
seq18239_shuffled_0	CAATTGGCCGCGATGAGCAAAGTACAACACCACCATGCAACAACTCAGAAGCAAGGCCTTACAACTAGTATCGAGTCAAAGAGTAAAGTGAAGATTCAGGAAGAATCTCCATCTAATTTCTGTGTTCCCTTTAAACCAGCCCTTCTGAATAAGTTAGGTCCTTCAGGAGACCACTTGCTTACTTCCAATGATTCAGGACA
seq18422_shuffled_0	CAACCAATTGCTCAAAGAGATTCAGATGATTTTTAGGTCCTCCTTGGGAGTGAGGGAAGCCCTCTGAATTCCCCAACCCCCTCATTGCAGCTTTCTTATTTTCTGAACTCTAATGTTGATCATGCTAGGGAAGATCCCTTCTGGCAAGCAAAGAAGATTCCTCTTCAACCTTGAAAGAATGTTTGGTGGCCTTTCTAGCT
seq18584_shuffled_0	TCTATTAGGAGAGATAGATAAAGAGCTGAGGGGTGTAGACAATGGTACTAAAGGGGTGCAACAATGGGGCTAGTATAGAAAGAGGCCCAAGGAAAATCTCAACAAATTCAGTACTGAGAAGCAGATGAGTTGAAAGGGGCCTGAAGACGGGAGGCCACCCATCATGAGGAATCTCAAAGTTGAATTGGGATGAACAGTGC
seq18588_shuffled_0	ACGGTAGAAACACACCTCTGTGGGGGAATTCATTGTAGGAACTTTTTCACTCTGTAGTTTCCCCTTCCCCCCAGAATGTCTCTACTGTGATCATAGGGTCTCTGGTGAGAAATCTGTCACTGGATTCAGGCTCCATACCCATATTGTAAAGACTATAACTATTATTTAATTTTGCTTCCCGTTCACCTGTCCCTCATTAG
seq18590_shuffled_0	ATCGATAGAATTAAGAGGTGGGCTGACTCGGTCCACTGCCCAAGCCCATTGTGTAAGTAGAAGGGTACAGTTGAACCAGGCACAAGTGAATGCTCTGTTGAAGAATAGCCTGACAATGCACACAAACCTGCATGCACAGCAGAATATAATCTCAGTGCTCGATTTTAGGTATTAACAGAGTAATAGACAGTCGATTTCAC
seq18592_shuffled_0	GGACACTCACTGCAGTCACACTTGTAGCATGAGGAGCAAAAGATCTCTAAGAGGAAGAGAGATATTCCAAGTGCAGCTTCATAAAGTGAAATTATAACAGCTGGGCTGCGCATAACTGGAAACAGCAGGCGCAGGCCTGTAAATTCAATCTTTACAGTTGATCTCCCCTAGGAAGACGGTTCCTGAGAATTTCACAATCA
seq18622_shuffled_0	TTGGGCTTTCAAATCTGCCAGGACCCCAGTCCTCTGGTGCACTTTAGCCCTTCTGCTGGCTGTAGGAGAGGAGTGAAAGGGCCTGCAGCTCATGGTAATCTCAGACTTTAACCTGCCTGCCCTTTATGGTGACTGTCCAGAGCATTCTTGCCACACAAGGTTGTGGGGCTCTTTCAGGAATCATTCAGGCCCTTCATTCC
seq18782_shuffled_0	ACCAACCCTTGAGTGCCCGGTTAGAAGTTCTTAACACTCCTTCTAAAGTGGGCACACATCTAGAACTTGTGCACTTTCATACAGGAGGATAGTAACTCAACTGCAGCCCGTCTTACAAGCTAAGCAATGTGTCCAGACTCCAAGTCCAATAATGGACTTCACTGAATGCATGGAGCGGGAAAAAAGTGATTGACTAATTT
seq18793_shuffled_0	CTCTCTCTTGGAATGTTAGTACATTCAAATAAGAAACAAGAGGCTGAGGCCCCACTCAAGTTAGCATGTGAAGCCATCCTCAGGCTAGCCTAAAAACAAACTACCCACACACTCTTTTTGATATAAGGATCTTTACATTACAATCAGAACGGCTGCTGATTTTCTGATGCCAACATGAGTTCCAGCCAAATAGATGGGTT
seq19011_shuffled_0	CTTGCAACAAATGCGAAAAAATGGCTAGATATGTGAAATGAAGAACACAGGAAATGCAGGGCTGTTATAAAACATAACTATGTTTTTGCACATTTTGATTCTTTAAAACAGAAGGACATCTGCCAACCCACCTATTAAACACCTGATGCCTTATGCCGTTGGAATAAATGGATTGAATTCATGCTAAAATTTAACCTTTA
seq19025_shuffled_0	CAGTTGTGGGAACTTCCTCTGTCTGTATGGGTGGCATGTCCCCGGGACAGTGTACAATAGGCGCTCCCTCGCCGAGGGCATTGAGAGGGCAATTTTCAAGGGCAAGGAAGCTACCCAAGCTTGGGCTCTTGTGTAGTCTCTGAAGGGATTCTTTATGTGCCTGCAGTGTCATGCCAATCCAAGGGTGAAACTCCTTTCCA
seq19163_shuffled_0	ATGAGAGGAGACGAGCCACAGCAATTCAGGATCAAGCCTAGCCTCTGATCTCCTTTTGCCTCAGAGAATCTGCTGAGGTCTTTTTGTGCCGGCTTGACTCTACTCAGGGGGGCCAAGGTTCAACTGATGTGCCAACTGGTGGTTCCTGCAAAGAAGGTGGTTGAGAATCTGATTGCCAGTAAGCCTCCCAGATGGACGCA
seq1944_shuffled_0	ATACCTTCTTTGACCGTCTTGCTAACCTCAGGGGACCTTAAGTTCTAAGAGCTCGGGCGCCGTCCTATCATAGTGGCCAATTGCTAAAAAAAGACTTTCGCAGGAGTTCTGAAGATGGTTTAAGTTAGGATTCTCAAAGAGAAGTTTGGCAAGCTGATTGTTCTGCACACTTGTTGAGAATCAGCCCCAGAAGTTTGTTT
seq19760_shuffled_0	CTAACAATTCTTAACAGACCTAAAGGTTCTGACAACAGGGTCAATGTGTTGCATAACAGTTTTTGACCAATTGTGCAAACTCCTCATCAGGGCTGCATTTCTTTAATATATGCCCTTGACCCTCAGGAGTAAAAGGGGGTTCAACAATCACTAGTGGCAAAGAAGGTGTCTGATTAACCCTACTTATCTACTGAACTGTG
seq19786_shuffled_0	TCAGTAGCCTGGGTGTGGCTGCACTGCTCTTCTTCTTTCTCAGCTTCCAACTCTTGTGTCCCATCATAAAGCAGCACCTTCCGACCACATCCAGCAAGAGATAAGGGGTTATCAGATTGAGATGCAAGACGGTGTCAAAGATTCACTTCCTTGGTCCCCTTTCTCCTTTCTCCCCTCTTGGCTCAATCTGTGCTGGCCAG
seq19819_shuffled_0	TACTAGAAGTCTTCGGTATGCGATCGGACCGCTTCTGCTCAAATCAATTCTGAGTCAGGGCAGTGTTGAACAAAAGGAAAGAACCCTGTGCTCACCAATGGTCCCCAGGTAGGAATGTGGGGGGAGGGATCATGCCAAGCAGGTAGTCACAATCCCCCAGCCTGAAAATTCCTTCCAGAAACTTAGGATGGACTTTTACT
seq19894_shuffled_0	CCAACTGGCTAGTCCCTCCAATTCAGGGGTGTCAGTGAGGAAAGGCTCCTGGCTCCCTTTCGGTCAGACTTTGGAGGCCAGTGAGCCCCAGAGTTGTAAGATGATCTCTCCAAGATCTGTAGGGAGGCTGTCCGGGATGCCTGGAGGCTGGGGAAGGGGGACAGGACTCCCTTAAATCTCTTTGAAGAGCACTGTTGCTT
seq20018_shuffled_0	CCTCTCTCTTGGGGGATGACAGGGCCAGAGGCATCCCACTCAAGAAGTGCATGTGGTCAGGATCAAGCCCTGGAGGCTTGATTGTTGAGAACCAGGGTGGCAGGTGGCATTCACCAAACAGACTGGGCCAAGCTTCCTGAAGGGTCCGGAGCGGGTGAGGAGTAGAAAGAGCAGATGGTCAGCGGGGGGAAGGTTAGGGT
seq20280_shuffled_0	AACTTCACAGGAGCCGATCTGGCTGAGGACTCGGTCGGGGAGAACGGCAGTCCTCTGCTGGCTTAGTGGCCCAGAGGGAAGCGGGGTGTCAGAGATTAGGCTGCTGGTAGAGTGGGCCGCCCACTGCGCTGGGCTGGCCATTGGCGTGGGGGGTGGGCCTTTCGGTAGGGAACCTCAGGCTGTGCGAGGGACTTGCTCTC
seq20434_shuffled_0	TTGTGGTTGGAGAAGTTTAGGGTGAAGCAACACATCTCCTTTGGTTTCAAAATTAAAGACTGACCCTTTAGCTGCTGACCTCTGGGCGGCCAAAGCCAGGTTTGCATAGTCTCCTGTAATGTTATTTCAAAGTAAGTAATTTTTTATTCACTATTCCTAGGATGAGGTAAATAAAATTACCTTTAAGTATTCCTAAGGAG
seq20598_shuffled_0	AGGGCAATTATTGGTTTCCTCCTTCTGGCTCCTTCCTTGCTTTTAGCCTGTTTTTGTGGTCTCTATTCTGGCAGATGGCTGCCCAGCCATTTGCCGAGCTTGCAGTGCTGCCTCCTCAATGTATTGAGCTGATTCGGTGCTCGTAAGCTTTTTCAGTCCGGCCTCTGTGATCCTTCTGAAAACTGGTGCTCCCATTTGGT
seq20629_shuffled_0	AGGATCTTGGTAGGCTGACATCAAAGGCTCCACCTGTCAATTGTGAGAGAGCTCTATTGAAAAGTGGAGCGTGGTAAATCTAGTGAAGCCCCAGAGAGATGTATTGGCTGTGTTCAGAAGGGTGGTGTAATGTGCAATTTCTGCGGCTGTTGTGGCTATCTCTCCAAGGTTGGTCTAAGATCATCGATGGTGCTGACCTA
seq20964_shuffled_0	CCACTGAGGTTGACTGCCTTGCATTCTGATACACCCAAAAACTGATCAGATGGTGGATTCAAGCTGTTCTGATACCTAGCAGATAATGGCTGGCTGAACCAATATGCTGTCCAGTGTGGTAGACATCCACGTTATTCAACTTAAGCCGTCTGCAGCGCATCATCAGTTCTTTATGTAGACTGTGTGTTTTCTGTCTGAGC
seq21080_shuffled_0	AGACAGAGTTTGCAGACTGTTTTTCACAAGTATCTGTCCCACTTGGGGCAGTTTGGAGTTAAGCTGGTCAGGTGAACACACTGGGGATGTGTGACAGTTTGGAGGTGATCAGTGTCAAAACTTTGAAGCTTAGGTCCAAGAGTTTTTCCTATTGGTTGTGGTTCTCTCTTGCTATTTGAAGATTTGGCTAACTGTTGAGG
seq21265_shuffled_0	AGTGAACGGACCAGCTCCTGCTGGATTGACCTTAAGCATGGATAGCAGTCCAGAGGCCGTCACTGGTGCAGTGCGTGGACCTTCCCACCCGATAGCGGCCATTGCAGGGACGCAAAGCCTGCAGGCTCTCTGCTGGTGTATAAATGGAGGCTCTGCAGTCAGAGGAAGAGGGGTGCACAGCAGCTGCCAAGTGATCCAAG
seq21357_shuffled_0	GCCACACAATGATCAAATAGTCCTGTCCCCTTTGCATAAGAACTTACCATTACAGCTGGGAATAAAGTTGCATGACCGGGGGAAAACCACTCTCCCAGAGGAAAAACTTTCTATTATATACTAACTGTTGGGTGTAGGCTGTTTTACTGAAAGTGCGTGCAAGGCAAGCAGTAAACTTGCTTGAATCTCAAACACCTCTT
seq21506_shuffled_0	ACCCCATCGAATCTGTTTTCAAGATTAGCCAACTTTGAAACCCCAATAAAAAGGTGCACTCAAGCAGACAGGAAGCTCAGCCAACAGGTTCTTAAATCCATGCACCTTGATTTCAACTAACAGGAGAGAATAGGTCTTTCTGACTGTTGATCTATCTAGCTTTATGCCCACCCCCTAGAACTTACTCCTCAAGTCTTTGA
seq2154_shuffled_0	TAGAACCTTGGCTTCAAAGTGAAAGGGCCATAGCTCCAGTCCCGAGAAGTCTACCAAGTTATTGGGGACATGTCATTACGCCTAAAAGGCAGTCTGCAGGGGACCTTGGACTCGTAAGAGGTCCAGGAGTTGATAGCCGAAGGAGAGGGCTAAGGTTGAATCTTTGATTAGGAGGGCAAACAATAAGATGCCAGCAGAGG
seq21642_shuffled_0	CACGCCACTCTTTGCATTTTGACCACTGTATTCGGTGCCACCACATTCTAAATATTTTATAACATCACATTTAATAATCTTACTCAGTTGTTAGTATGCCTCTAGTTCACGGTACAGACACGGGTTTTGACCAAAAGCTCTTGTATCATTATGCTGCTAAGACTTTACCTGAGGAGAGTGAAAGACCACCCAACATGCTA
seq21687_shuffled_0	GGGAAGTTTTTTGTAAGCGTGGATTCAGTCAGAGAAGAGGGGCAGAGAATGTGCCATTGCGCTCTGCCTGAAAAGGATGGGAGGAATGTGGCATTCAAAAGCAAAGGGAAGAATAGCTCACTGAGAGTAGGCAGAGAGGAGTGAAAGCCACAACAGAGTTAAGTACCTCCTCTTGAGCATAGCAGATTGAGTACAGGTCA
seq21781_shuffled_0	GCATGTAAAATTTCACCTGCACATTGTTACACCCAAGTCCCTATTTCAAAGGGATGCAACCACAACTTTACTTTAACACAGAAATCTACAAACCTGTAACTACAGATAGCAGGTAACTGAAACTGAGATTGGTCACAACAGCCCTACCTCTTACTTTCCTCACTAGTTATGGACTCTCATATTAGATCAGACAGGTCCTC
seq21895_shuffled_0	TATTAAAAAATTTAGGAAACCAGTAATCAGCAGTAATTGAGGTGATGTTGGGAGGCCTTTAATTCCCTTACTCTTGAGTTGGGAGCTAAACATATAGATAAACACTATTCACAGCAAGAACTAGTGAGAGGCTTTCTTGCAGGCATCAAGTGGTTCATATTGGATGGAAGCACTTACTCACTGGTGTCATTTGTGCATAA
seq21974_shuffled_0	GGCCCTTCAAGGGAGCATCCACTGCTGAAATTCCAACACTGTAACCCCAAGAAGTAGTTCCTTGATAGGTTCAGTGGTAGACTACAGCCTAGCAGCCCATGTCAGGGATTAACCCTCTTAAAGGCTCGTCCCCCTCTGAGGCTGACTCTCATGGGCCTAGCCAGCAAATTCCTGGAGGCTGCAGCACTTTCCCCACTCTG
seq22388_shuffled_0	ATTGGAAGTTCTAGGAATAAGTTACTTACAAGGAGAATAGCCTGCTGCTATTTATTGACTGAAATTCCTTTTGGGCTGTGTGTTCTGTGAAAGAATTGTAACACTTAATTCTCAAGGCTAGGGGGATCCTTGCTTAGTGGAGATTCAGCGACACTCAATGAGTGTCTAAAAAACATCTGAATCAGCAAAAAATGCTGCCA
seq22456_shuffled_0	ATTCATCTAAACAAAAGATTCCAAGAACAAATAAGAGTTTGCAAGTCAAATCTGAGGCCTCAAACACAGCCTAAAAATATCTGAAAAACAGAGCTGGAAAGTATTTTTTAAAATATTGCTGCTTATGAAGAATTAGCTTATTAAAACCCAAGACTTTTTGGACCTCATGTCAAGTAAATTTCAGATTTCTTTGTTCTTGT
seq22569_shuffled_0	AGCTTGCCTTCTCAATGACAGAGCTAACTCTACTAATAGCAGTCCAATGAGTCTAAAGAGGAACAAGCCAATGAAGCTATTGGACTAAAAACTACTACCCTTCCGGGAGCCAGCCAGGAATAACTGCACTAGCTGTAGAGACGTGAAGTTCTTGACTAAGGGCAGGAAAGCCCAGAACTGGTTCTCAGTCTGGCCCTCCT
seq22642_shuffled_0	GGGCACTTTGCTGACTCAATAAGTGGCCCCCACAGGGTTGCTATCTCTGCCTTCCAGGATCTGCAATCAGGCTTAGCAAACACCATCTTCTCCTAAGAGATCACCTGGATGCACCATTCCCTTTCGGATCAACAGAGAGTGAATGTGATAGAAGGCATGACTATTTTCAATGATACTTGTTTTTAGACTGAGAGAGCTCA
seq23008_shuffled_0	TCAGAACTCCATTCCCTAACCTTAGGCTTTCTAAAGTGTAGTCTCCTTCAGAAAGCAGCTAGCCCCAAGGTTGTTTGCGTAGTCTGGTGAAAGTTCACAGATATTTGGCTCCTGTATTTGAAAGGTTGACTTTGAATGTCTGAAAAAAAACTGCATCTTACTTCTTAATCAATTTGTGCAGAATTGCCGGTGACAGCTGA
seq23131_shuffled_0	CAGAATAAATGGGGCCCGTCTTGTGAGAATTGCCTAGTCTAGGCTGGGTGCCTGCTATGCAGTTAGCCCCTTCTGGACAGCAACAGGGCAAGTTGGTGGGAGTTTACAGCCCTGAAGCTTAGGGACTTTTTGTCCTGAGGTCTCTCGCCAGGAGGATTGACTAAGCCTACATGTGCCATAACTGTCAGGTGCTCTAAGCC
seq23263_shuffled_0	TAAATAGTAATATGAGCTCTGTGGTGGTCTTTGTGAATAAGGATGTGCCAGAGTTAAAGGACTGGTTATGAAGAAGGATAGTCAAGGAGGCCATAGAGCCAAAGCCTGTGTCCGGCTCCCTTGCCTTGATATGGGTAATTACATTTTGACCAAAGTTGGACTAGGAAACTTTGTGGGTAGGAGGACAGTCAGTCAAAGCT
seq23307_shuffled_0	GAAGTTGATTTTTGTTAATTTCTTTAGAAAATGCAGCTTGTGGTTTTACTTTTAGTAATAGGTGCGAGGTGTTTGAACTTATGGTATGTGCAAACCTAGATGGTTAAAACTGGCCCATGAGTATCAATAAAACGAAAATCCTCTTATCTGAAATAAGATTAAAATTTGCAGAATGTTTTAGGAAAACATACCCTGACTTC
seq23401_shuffled_0	TCAGCTCAGTGTGGAATCTGGGTGATCCTTAGACTCTTCCGGTTGATGGTATCTCAGAAGATTCCCATCTGAAAGAGCAGTCTATCTACTTTCAATCCCCGATTGGGATGAAGTGTGGCAGGGAGGGTTTACAGGTTGAGAGTTAGCTGAACCTCTAAAACTGTTGTCACCAAAATTAGTTAGTGGGAAGAGATTGGGCT
seq23449_shuffled_0	CATGGCAGGATTCTTTTTGCTGCTTATTTTCTGTCATTTCCTCTCAGCCAGCTTTTAATCCAACCACTTGAATAGCAAACTCCTAACCATTAAATAGGCAGTGGGTCCCCCATTTCACTAAGCTGATACATTAACTAACTCACAGAGACCTGACAAGGAGATCTTCTCACCTTTTGCCAAGGTGAGCAAGCTTCCTCCCA
seq23686_shuffled_0	CCCTGCTGTTCATTGTGGTAAGTAGGAATTCACATGTGGTGTTGTTAGTTGGGAGAGAGCCCAGCTCTTAGCTCTCTGCTTGCTGAAACAGTTTGTTCTTACCTTATTTTGGAGGATTAGAATAAAGCTAGAGGAATATTTTGGGATGGGAGCAAGTGATTGCTGATAGGTCTGGTTCAATCCTGATTGGACTGGAGTAG
seq23843_shuffled_0	CTCGATGTGTGCATGTCTCTGACTAGCTACTGCGATCGATTTCAACTGTTAATTTAGTGCCATGATGGAGGGACAGAAACTTCCACTTTAACCAGAAGAGAACACATTTCAAAGTTGTAAGGCTTGCCCAGGATACACCCAGAGATGCCGTTTAGTTCAGGATCCATTACTTCAGATCCTTTGGGCTTGGCCCAGAGCTT
seq2431_shuffled_0	ATAGCTAATGAACATCCTGGGGTGTGGAAAGTGGCTTCAGCGGGAAAGAACTTACTATGTGACTCAAGATGCTTTGAGCACCAGAGCTGAGGGTGACTCCAGGCAAGTGAAGCACCATGAGTCTGGAGCAGTGTCAGCTGACTTGCCCACACCAACAAGAGCTCCTGCACTCCTGATCAACTTGACTCTCAGAGAGGGTG
seq24343_shuffled_0	CCTGCAAAGTGCAGCTATAAATCATGATATGACAATTGAGGCAACTAAACTAGGGAGAAGAATTTGACTACAGACTCAGTTCCGGGATCCATGATGTTGTCCATTTTAGTATGGAAGGGATGAGTGCAAAATTCATAGAGACCAAATTTAGTTGCTTGGAAATCTAGAAATCAGTCCTCCATTAATCTCCCTCTCTAGCC
seq24417_shuffled_0	GGGGCCCCTCCTTTGCAATTGCGCCCAACCCTCTGACACAGTACATCCTTTGGGCTGTGTTTGGGTCTCCGGTTGAAGTCTTTTTGACTCTCACCAAGCCTCAGTGTTTTTTGTGGATACCAGTGCTTTTAATCGAGTTGCCAAGCATGGTAGCACTGAAGCTGGATTTTCTGGAAGGTGAGTAGCCTACAAGATGACAC
seq24506_shuffled_0	AGCGGGATGCCGCCTGGTGAAGAGGGAGGCAGCTGAGAATGCAAAAGTAGTGGATTAGAAGCCAGCAACGCAGATTGGCGGCGCAGGGGGGCTTCGCCCTGTCCAGTATGGCCAGAGAGCTCCAAGCGGACGCGGGATAAAAGCCTGCAGGTTGAGGGGATTATCGCGGAGATTAGAGGTCAGGAGCTCTAGCCTCTAGA
seq24609_shuffled_0	AACTTTGTGGTGTCTAATTCCTAAGGTAGAACTCCCGAATAATAAATGGCTTGAGTGCTATTCTGACACCCCACTGGGGTTTAGTCAGTTACTCAACCAGAACACAACCAACATCCTTGTCTTCGATCAGAGGTAGTTAGGAGTGTTTGAAGAGGCCTTAGACACTATTTGAAGGTTCTCATTTCAGACGAGAGGGAGAC
seq24620_shuffled_0	TCACTTCTCAGAAAAGATCTAGGAAAAAGAGCAGTAATTACGGGAAGCCAAGCTATCACTCTGTATTCCACCCAATCCTAGCTTGTAATGCGTGGTTTTGACATGGGGGAGCAAGCTTTGGGTGTGGGTGCCAAAGCCTAACCAAAGAGTCCGGGAAGAGGCAAGAAGACAGGCAACAAACTGAGGGAGACTAAACTCCA
seq24642_shuffled_0	TAAAGAACAGAAGAATGCTCTGGCTACAACAGAAGCAGTTCAAGAATTCTTAAGAACAACAACATTCCATGTCTACTGTCCACTGTCCCCCATGCTTTTCTATCCAGAGGTCTTAGATGAGTTAATCTTTTTGACCGAGTCAAGATTAGAAAGAAGCTCCCACCTTAAGACCCCTAACACAAGTTAAGCGCTCAGCTTGA
seq24664_shuffled_0	TGAGGTTTTAAACGCCAGATTGAACCAGGTCAGCATTTCTCCAAGGGCATGCTTACTTGACATTATGGATCAATTAAAGCCCCTGTGAATGATTCTTTAAGCTTCCAATAGGTGCAGGAAGTGCTGCTGCAAAGCTCAATCAGTCAGATTGGTGGTCCGCTAGGAGCAGGGATCCCAAGTAGGAGGAAGACAGACTCATT
seq24751_shuffled_0	TCCATAGTGGCAAAAGATGTGTTGTCATGCTAATTAAATTATGGGCACCAAGCTCACTTCACATTCTTTCAGCCCCTTGAGCACCATTGTTATGGACAACAGCTAAAATACTCTAATTCCACTTTAATTCATTTTTTTTATTCTTCAGTCAAGACAACTAAGTTGTTTCAACAACTTGTAACTAGGGAAGGGCAACTGTT
seq24826_shuffled_0	ATCCCCTCGAAGATTGCCAGAAGTCTTCTCCAGATTTAGTGTACTGCCTGCCTCTGAACAAGCCCCCACACACGCAACAAAGCTCCGATGTAAGCTGACCAGCCAACGAATAAGGCTTGCCATCCTGGTACACTTTCTTCCAAGAAGTCCGACCATCCAATATACACCTCTTCCCACTTGGGCTTCTATTCATGTTACCA
seq24912_shuffled_0	AATTCTTATAGATGTGCAACACTGCCAGACAAAACTTTAAACACATTTTCACTATTCAAACTATGTGTAAAGGGTCTAGAAGCGTTAAGTGAGGTCCAAAGTGAGGAAAGCTGTATGTAATGTGGAAATACCATTAAAGTAAACACTTAGGCTTTGGGGGTAAAAGTAAAAGGTCTGCCAATTATAACCAGAATTAAAAA
seq24960_shuffled_0	AAACAGTTAAAGATAAGAATATAGTACCTAGACTGGTGGCACCCACTAATCATTAGTAAATCAGTTAAAGCAGAAACTTTACCGAAACTGAGTGTATAATTGCCTGAGAAAACCAACTAACTTCAAAGAGGTGTGTGACGCTTGCATGCTAACAGTGTGGAATCAAGTCACTTACGCTATGAACAGTGATAGTACAGGGA
seq24968_shuffled_0	GAGCAACTGCACAGGTAAAAGCTCCTTCAGTATAGTGGCTAGACTTTTCCAACAGAGGGCAGCAGCTCATAAGTTCAGACATTAGGTAAGCGAATTGCGAGACACCTCAAGTCTGTCCAAGTTGGGAGATAGAGGGAAAAATTTGCATGCAACCATTTTAGCAGCCTCCCACTCCCATTGGTTGGAGTGATCTAGTAGCC
seq24976_shuffled_0	TTTATACCTTAGTCTACCTTAAACGCCTTCATTCTTAAGGGCTATTCACCACTTGTAAGTCTGGTATGCTTATAAGCAAAGCAATAATTTTCTCTATTTATCTGCCGTTAATCTTGTGACTAAGTGGGATTTTGTGCTGATATTTAGGATAGAATTTTTGTTTACTGTTCATAGTCTTAATTTTCAAATGGAGTCATCTG
seq25163_shuffled_0	CACCCCTAGATCCTTGTTCCGAAAGTAAAATTGTTTTCTTGAGGTCCTTGGCTCCTGCAATTCTGACAAAGGTAACGTGGCAGATCAATGAGACAGTCCAGGGGCTTTCAGCCAGGCCTCTTAAATGATACTGCCTTGGTCAGGACATGCTCTGCCACCCCTCTCTGAATTTGGCATTCCCTCCTAGAGGTGAGGAAGTA
seq25203_shuffled_0	TGATCCAGCTGATAGATAGCATCTGTGCTCTTACTATCTTCTGTAGTAACCCATTTAGACTCTTCCAGGTCTGGGACAACCTTCAGAGAGCCAAACTCTGAAAGCCTTCACTCTGGGTTACATCTCCAAACCCCCTCCTCAGATTCACTCAAAACAAAATGCAGCTTCAGATCAGCTGCAAAAGCTGGACAGAAGCAGTT
seq25351_shuffled_0	AGAAAGGTTTCTCCCTAGGTGGAGATCATTTCTCGGGAGTCACATGTGTTGTTACGCCTTGATCGACAGATCAGGTGATTGGTCGCAGGGAGGAGCAAGAGCAGTTCTGCAGTGGAGAAGCAAGTGTGCATGGGGCCTGCACCTCTAGCGATCAGACTGGGAGCTGCTGACTGTAAGCAAGCAGACTTGAGTTTGATGTA
seq25368_shuffled_0	CTCTGAGAGTGATCTTAAGGTTAAGCAAATCTCAACTCTCATGTTGTGAAGCCCTCCATCTGCTCTACCCACCCCCTATTAGAGTTGTTTCTTGTCAGGTGAGGGCTTATGCATCTGCACTTGCCCAGCGCACGTAACTGAGGGCCTAGGGGCTTCTCCTGCAGCAGTGTCTAAGCTTGACATACTACATGATTAACCTC
seq25370_shuffled_0	AGAGCATGAATATATGTTTGTAGTCGATTCCTGCAAACCATACCAGGGATCAACCTCTAGCCTTTTAGAAAGTTTGTGTTCCGGAAGCTGGACAAGTTTTGACTGAGAATTTAACCTTCAGGCTATAAAGTCAGTGAAGATTATTTTGGCGTGTCTTAATTGCGTCCCATATTCCGGGGTGTAGATATGCACTGGTGCCT
seq25556_shuffled_0	GAACCCATTGAGAGTGAATTTGTGGTCAATCTTAGTAGTGGCCTTTGAGAGATTCATCTGGGATTGCTGTCTATGAGGAACTCCGACACCATGCCACAACCTTCAATGTTGTTTTTGTGACCTGTCTCTCCCTACCTCCACCCTCATGGTACTGTGAAAGGGCACTAGAGCGAGGAAAGGGCTTACTCCCTTCAAAGGTG
seq25624_shuffled_0	GATCCCTGGAACTTGCTCAGAGAGCTGGAAACTGGGTTGCTCATGCATTAAGGCCCTGTTACCACTTGCCTGTCAGAAAGGGAACTTCCTAGTTCTACGGTGAAGGCAAGCAGCCAAGTGGGGCACACCACTTGCAAAAGCACATATTGTCACTTGGGGAGAGAACCACTTAGGTAGGTGGTTGATCTCCTGAGCTTGAG
seq26004_shuffled_0	AAATTGCCCCTACAAAAGACATAGCTTCTACCATAGCAGAACAACATAGCTTTTTAGGATGTTGAGCTCCAAAAGCAAACATCCAAGAATCAAGATTAAGTGGTGATTTAAACTATTCCAAGGACTAATTCAGAAATAAAGTAAGAGATAGGAAACATAAATTTGCAACAGTCCAAATAATCTTGGAGTGAAGAACCTTT
seq26042_shuffled_0	ATCTTCAAAATCCTGCTAGACAAGATAACAAAGAAAATGCTCTGCTTAGAACAACAAGAGGATAAGAGGTATCTTGTCTTTTGTCCCATTGAAGAACTCTCCTGTCCCCACCTTGCATCTTTATCTGGCAGTCCTGTTCCTTTTGTTTGTATCATTCTTGTTCATATAAGCCCTATTATACTGCAGTATTCTACCAACAT
seq26072_shuffled_0	ACGGCTCCCATTGGAGACTCTGCATTGGAGGGATCAAGCAGCTTCACAGTACTTTGCCCCGCCGGGCCCCGAGGACTTCTTGCTAAGGCGCTCTCTTGAGACTGTTACGGGCGGTTTCATCTAGGCCTTTTCGTCTGGAGAAGAGCCAGCCTTCCTGAGCTTTCCTTCTGCGGTATGGAGGACCATCTCAGGGTACCCTC
seq26624_shuffled_0	AAACGCTCTAGCTGGCATCCCCCTTAGCTAATGAATGGGAATGTTCCCCCACTGGTGGCAAGTTCCTTCTCCCTTCATTCAGGCTCCCCCCTTAATGTTGACCCCTTGTGTGCCTTACCGCCAGTACATCAAGAGTGGTCACTTTCCCTCTACAGGCTGCAGTAGATGGGCGCATCCATTGTATCACCATATGAAAGGCT
seq2673_shuffled_0	CACAGCAAAAAACTGACCAAAACTGATAGTTAGGCTTGGACTAGATTTAAATAGACCCAGGGGTAAAAGAAAAACCCTGGTAACCAAAAAGGGGGAGAGTGAAATAGCAGGACCGCAGGGTCAAATTTGGGCTGAAAAAATATTTATCAAAATTGGCTGGAAATTGGGTCAACAGAAAGGCATTCAAGTGATTTGCCTTT
seq26810_shuffled_0	TCCATGTTTTACTTACCCTCTCTCTCTAACCAAGGATTGAGAATGGATTTTTTCTTCCTCCAGCTGATTGATCTATTAGTACAGGACACAGTGTCCCTGAGGAGTCAATGGGCTCACACTCAAGTGCCTCTCTTCTCCCAGCAAGAAACACCATTTTCCTCTCCCCCTTTTTCTGCCCATTCGAGTTGAGCACTCTGCAA
seq26888_shuffled_0	CGGAGGCTAGGTAGTTGATACTGCCCTAAGTACTAGGTATTGGACCACTGTCATGTCTCTCCATTGCAAGTTGACCCAGTGTCTATCCATTAGAAAATGAGGGCACAGGCTGAAGTTAGGCAGGTAGAGGTGGTTTGAGTAAAAGCTAGAAAAATGATCTGCCAGGATCTCTAATTGTGGTGTCTGTAGATCTTCATGTA
seq26905_shuffled_0	ACTTGGGAGAGTGACAGAGAGCAACTTCTTCCAGTCTCCAAAACCTTGCCGGATCCTGTTCTCAGTTTCTCCATCCTGACATCCTACCCAGTTGATGGACGAAAGCACAAAATGTCCCACTGGCCCAACTGCAAGTGACAGATACAGGGAAACATTCACTCTGACTAAATCGCAGGAGTTAGATTTTTCCTCACAAGATT
seq26929_shuffled_0	TTCCTTTGTGGGGCAGTCCTTTGGAGTCCGTTAGATCTGAGGAAGGTAACTGAGGGCTTGTACTGAGGAAACGAGTCAGATGACATTCTAGAAGGTCTAAGGTTTTAGAAGAAAGCTGCTTCAGCCAGGAGGAAGAGCAGGAAGCTGTCAAAAGAACTCGGAGAGCCTCAGACATAGGCCTGTTTTTGGAACAGCAAAGG
seq27177_shuffled_0	TCTACCCATACTGTGAAATGGGGTCGTGGTATCTTTGATCGGGCAGGGTCTGAGAGTAATCACTTTGGGAACTTCTTGAACATAGAGACGCATTAAGAGTCTAGGAGCATGGATAAATTAGTGAGTGGAGAAGGCGTTGGCTTTGGAGAGAAGCTCTCAGGTTGAATGGGTTTACCTGGAAAACAAGAGAAAAGCAGTTC
seq27224_shuffled_0	TCATAAACATGTGTTGAGTATCTTAGGTATGAAAACACTATTAGAGGGCTAGAGAGTGCCAAGTGGGCCCTTGACAGTTCAGTTTGGAATTAGAAATTGGTAAGGACATTCTTATCTCCATAGACTCTAGGGTTGAATCATTAACTGCTAATGCTGGAATGAGGGTGAACTAGGAACGAGCTGGATTGAGACACAGTCAA
seq27284_shuffled_0	TTATTCTCTCAACCCATAACCAACAGCTCACATTTCCAATCAACAGTAGGACTCCTTTCACATTTTGAGAAGAAACTAAACGCCCTCTTAACTGACCTAAATCTCTTCAATTCATCCACTGTCAGCCTGATTTTTAGTTGTCTCTCGTAGCTCACAATTCTTTCAATCATCATTATGAGGCTCTTTCTCTGCTTCAGATG
seq27352_shuffled_0	GGACTAGCGACTCTAGCAGATCCAAGCCGGGCCATGCATTTCCCACCAAAGGCACTGAGACTCCACACCTGTTACTGGCTAGAGCGGGAGGTCAGCAAGGTTGAAAGCAGCCCTCGTCATTTGAGGCTCCTGTGTCGGGACCCAGCTTGCGACAGCTTGAACAGGCTCGCCAGTCTCGACTGTTACAGGAGTTGAGGCTC
seq2756_shuffled_0	GAATAATCCCCCTGAGCATTTGTACATCTCCAACAAGTTACAGAGGGAGCAGATCTAAGATTTCAGTTTGTATTAAGAGAGCTCTGAATGCCTCAGTAGGAGGGTGGGTGTGAGAGCACAGGAGCTATAGGACCATGGAAGTTGACTGCACTTGTATACTAAATGATATCCTGGGTCAGTCAGTGGAAGAATTCTTCTTA
seq27879_shuffled_0	ATGTAATTGAGAAGCTCCCTGCAAGAAACAACAAAGCATAGACCCTGGAGGGAAGGATCCCCTCGGCAGTAAGAGAGAAGAGTGCTGTCCAAATTTTGAGAGGAACTTATGTTCTTCTCTGTTGGCAGGAACTTCCCCTTGAGGCCTGGCGGCACCACCTTAGTCTGAAGAATGACAGAGCCCAGGAGCTAAAGGCTGGC
seq2796_shuffled_0	AGATTATACTACACCAGCTTTAATAGAAAAACCCATCGAGAGGACCAGGGATAATAAGAAAAACATTTAATTGAGTTCATAACGCATTGTAGTTCTGGCATATTAATTTAAGTTATTGCTGTAGTGTTCAAGTTTTATGATAAGAGCTAAGTGCAGGTGGAAATATAGTGAAGTAGAAGGAACTGTAGACTGTTATTATT
seq28026_shuffled_0	CCTCCCAAGCTCTTAAATTTCCAAAGACTCCCTGAGGTTCCAACCAAACTCCTGAAGATGTTCAATTTCACATGGTTTTACAACGTGGAATGCAAAGTAGTACTCAAACAATTGCAGGTTTATCAATAAGGACTAAAAAACTCTTGTAAATAGGGAAGCCTGAGCTGTCAATAGGGTTCCTGACTATAATTGACTTTGCA
seq28188_shuffled_0	TTAGCCTGCAGAGATCAGTCTGACATTTGCCCATTGCGAAGAGGTCCAGTAGCATAGGGATGTGGGCCTGTGAGCTATGGGTACCGACTTCTGGGCGTTTGTCCAAAACAACTTAGCAAAGGCCTTTCTGGTGACCTGCATGGATGGTCATTTGGGCCTTCCCGATCCTTTCACCCTTAAGGGCACTTTTTGATCTGATG
seq28193_shuffled_0	AGACGAGAACAAAAGAGGAGGTAGTACAGATGTCGAGCTGGTGGAAGGTCAGGCACTCAGTTACTGCAGCAACAGGCAAATGCTGTATGATTGTGAAAATAAGCTGAATCGATCCTACTCCTAACTACAGGCACTATTAAGCCATAAAAGTTGTGATCAGTCTGGTAACAGCACTGAATTGTAAGACTACTATGAGAGAT
seq28207_shuffled_0	CAGCCTCAGCTGGGCAGGAGGGATTTCAGGTTTAGAGCATAAGTCCCTCTACTGTTATCACGGAGCACCTGCAATCCAATCACTTGCGCTCAGACACTGAAGCACCCATATCCCATCAGAGATGGTCTCTTACTGCCACCAGGGGTTCCCTTGTTTTGAGGGTGCTCATCTCTGCAGCTTTTCCAACACAATCCCCCTGT
seq28539_shuffled_0	TGGAACTTTATTGGTAAGCTGGGGCAATCAAAGCAGCAAGGGGTTCTGGGGTAAGATGAGTGCCCTCATGCTTCCGAGTGTCCCAACAGGTTTGTTGCTAGTCAGCTTTTGCAGACTAAATGTTGAGCATCGACACCTAAGGATCTGTGGATGCAGTGTCAGATCTTTCTAGGGGGACACCTGGGAGGTCTCCTGGATGG
seq28568_shuffled_0	AAAGCAGGTAGTTGATAGGAAGAAACCAATTCTCCTGCAGCAATGGCAGAGCCCACTTCGGAGAAGTCTATTCCAGAACCACTCAGTGAATGGTTAGGTATGAAAACTGACACTCACACAGAGTTGTTGACCTTGACAGAATCAGATTTATTTCAAAGTCATTTATTATGCTCAAATCTGCCTTACAAGTCAATTTTTGC
seq28655_shuffled_0	TTCCAACTGTGCCTCTTTTGATGCATTAAAACCCACAGGCAGCAAGTTGGAAGTCTGGAGAATAATGCTCAGGGCCCATTGCTTTCTTCATTCACTTACAGGGAGGAACCTGTCCCCAAACAAAGCAAAACCTTACTGAATTGCCACCATACTTCTTTTCAAAAGAGCCTAATTTCTCATGGTGAACTTTGGATTTCCTA
seq28799_shuffled_0	CCGGGGAAGGTTCCAGCCCGGGTTCCCACGGCTCCTAGAAAACATCAAGGCTTTCCACTCGAGGTTCTAGCCATAACTGGCTCTTTCTATTCTATGCAGCTTTTTTCAAGTCCTCGACAAGCACCTCCATGCGGGGAGCCTGGCCACGGAGTCTCTCCGGCGTCCTGTGCCCCCAGTCGGAGCCCCAGATCTCTCTTGGC
seq28863_shuffled_0	GCAAGCCCACCTCCAGAAAGAAACTGCACAGTCCCAGAAGCTTGCCAGGCCACTCTTCAGCTTTTCTGCACTTCAACACTACACAGAGTCACTTTTCAACTGGCCAGTAATTGGGTTTGTCTCCAGATGCATCTGGAGTCATCTCCTTTCACACAACTACGCTCAACATTAAGGCCCAACCCTTGGACAGCATCAGAGTT
seq28887_shuffled_0	TTGCGGATCCATAAGTTTTTCACTTGTGCTGAGATTCTGTGCCAGAGGCATGGGATATGCATCTTTTCCAGGGGGGCTATTTAAGCATGGGAGCTATCTTGTCTGCAGGAGAAGGCAAACCTCCAATTTCTTGTTTAGCACCATGGGTGAGCTAAAGCTAGTTGACATACCTTGGAGTGGGTTCCTAGTCACCTGGCTGA
seq28982_shuffled_0	TCTCTAAGTCGTGCTCAGTTTCAGCAGAAGTGATCCCTCTGGGACATCCTCTGACCGCACCAGCTCCTGCCTGGCCTATCTGAAGAAGTCCCCTCATGTGTCCTGCATTCTCAATTGTTTGTTTTTGCCTTCTCTTTCTCTGAACAACACCCACCCAGGTGTGCTCTGCTCCTTCCTATCTACTGCTTAGGCCCCGTATT
seq28993_shuffled_0	GCTTCCTCGGGCAGTTGAAACAGTGAGGTGGTCCCTCTCTGGGAGCTGCACACCTACTCCACATAGAAGACCACAACTGTCTTCCTCAAATATGGGGGTCTTGTTTTGGCTATCCTCTCTGTCTCTGAAATGTATGAACACGACAAAAGAACCTGAAGTCTCCCTGACCTACTGCTTCTGAATGATTGGCCAGGTTTGTG
seq29236_shuffled_0	TGTTTGGTCCCCTTGTTAATCTCCTTACTAGAGCTGGATTCAGAGTGTCAGCATTGCAGTGCCAATTTGATTTTATCTTGCTAACTTGTCTCTTACATTTCCTTAAGACCTTCTAGTCCTGGTTCAGATACATTAACCTGAGTTGCTTTCGCAAATTTCCTGTATCCCTCCTCGGTTTTTGGTCTATCTTTCTGTAGACA
seq29477_shuffled_0	GTTGTCAGTGGTTTTGATATTAATCTCCAAGATTGTCTGTAGTTTGGTTATAGGGGGGAAAAATACCAATGCTATGGCAAGAGTCTGACAGAAACCTCAATGCATTATCTGATTTATCAAGACCGAAAACTGGCTACAACTTACAGGCCAAACTGATAGCACATATGCAGAGTTAAGCTCCCACATATTGCAGGAATTAT
seq29510_shuffled_0	CGCGGAACAAGAGATACATTTGTAATCCCACCCTAAAGGCATCACACAATCAAATTGAGGGTTAATCAACAAAGAAAAACAAATGGTAAAGGCACTATCCCATCGAGAATTCCGAACTACCGGCAAATTTCCCCCGGAAAATGACAACGTACATATGAGGACCTACAATTGTGTCTCAAACTTAAGATCAAGGAGCAGTA
seq29632_shuffled_0	GATCAAGCACATCCCATCCTCACTTACTCTGTTTCTTGATCTCTTCTAGAGCCCTAGAAGCCCTTGAACTTCATTGCAGGAGTTTCTCTTCCACTATCTAAAGGACCAAGCTCACCCTAAACTTTGGCTAACTGCATATCCTCAGTAGTAGTCTACTCATAGCTCACTTGATGTCAGGTCCCTCCCCCCTATTAGTGTTA
seq30302_shuffled_0	CTCTTAATGGATCTTGAGGTAAAGGGCAAGGAGGCAAGCAGACCATCAGGGTGGTTTCCCCAAAACAGGGAGCTAGGGCCCAAGGGTCAAACTGAAAGCCGGGAGCACTTTCTCTGGCTATTGATTCTTTCGCAAAGCTGGGATCTCTTGGGAAGGACACACAAGTCACCTAGAAGGAGGTGGTATCCTTCAAAAGTTGT
seq30526_shuffled_0	TGCGCCACAGATCTCTGGCCGCTCCTCCGGCGAGGCCCGCCGGCTCAGTGACCGGAGCTCGGGCGCAGTCACTCCAAGGGAGTGCCGTCCTCCCTCCCAGGCTGGAGAACCGCTCCCCGGCCCGCGCAAGTGCCCTCCCCAGGCTTCTCCCGGGTTCCCCGGCCCGCAGAGAGTTCTCAGGGCTGGGGGAACGCTCCCGC
seq30898_shuffled_0	CATGAAGAGAGGCAGTCATGTAGTGGATGAGGAGGCTGCCAGTGATAAGAGTTCTCTGGTGTCTCTGGAGGTGACAGGTCTGAGACACTCCCATCTTTGCCAAAATGGAGGAATGACACATTGATGAAAGCTGAAGCAATATGGACAGGGAGTGTAGGGAGGCAACCCAGCCAATCCTGGGACCTAGCACGATCCAAGCC
seq31143_shuffled_0	GTAGAATGAAGTTGCATGGGTTAGTTTTGATGGCTTTTTAACAAGAATGCTGGAAGTTGATTGAAAGAGAAACAGCTTTGTGAGTAAGAACTCTTGTTTAATCAGAATTGATTCTATTTTAAATCTAATATAAAGGAGTTCCTCATCAGGCATGAAATAGATAAACAAAAAAAAAATGTAGCATAAAGGTTAGAATTCTG
seq31328_shuffled_0	GTATAAGCACCTGAAGAAATGCCAAAGCTTCCCTACATAGAACTCTTCAGCTAGGGATCCCAATTGAGCCAGGTGGATAACTTAAACTACGCACTCTCCTCACCCATCCAGGGGCTGGGTCAACTCACACAGAACCTTTTGGCCTAACTTACCCACCACTCAGACAACAGCCAAGGGCAGATCTGCAGGTGCTCATTGTA
seq31350_shuffled_0	GGCCAACCCTGTAGCCTTACATTGGATGCAGACCCACAAAACAAAAAAGCAGGCTGTACCTAATGTATCAAGAAGACAAGGACAAGGGTGGACCTGTCCCTAGAGTTGATGGGAGCACAGCATCAAATCCCAAGACCATTTCGCTTCCAGGGACTGTTGTGAGGAGTGCTCCTCTTTATACTCATGGCCAAGCTGTCCAA
seq31413_shuffled_0	TTTGGTTCCTGATTCCATCCTACAAAAAGTCATGTGCTGCAGTTCACCAAGCAACTGTTTAAGTAATAAAATGAGCTAAAATCAAACCTCTGCTTTGGAATCCCAGTCCCGAAAGATGGGAAGATGAGTCAACTCATTCAATTTTTTGGGGACTTACCCACTATATGTTATGTTTTCATAAACAGTTAATCCATAGCACT
seq31432_shuffled_0	AGGGCCACCCTGTTGGCAGTTGGCGCGGTTCTGCACCTGAGGCAGGAAAAGGCAAATGTGTCAGCACCTCTCTCCTCCATCAGCCCTTAGGCAGTAATAATAGACTGACAAGGTGATGATGACTCACAAGGTCCACTGTTCGTAGGTACAAGACATTTAAGAAAATCTCTTAACTCAAGTCTTGTGCACCTAGGTATTGT
seq31446_shuffled_0	AAGAGGTTGCTGAAGGCATAGGACAGTATCAAACGGCCAAGCAAGGTGGTTTATTTCAAGCCAGACACCTGAGCTTCTTGTCATAGGAGCCAGGACTGAAAGAAGTCAAATCTTCCTGAAGAAGGATTGTGGAATGATGGAGGGACTAGCACTTTTTCACGTTAGATTTTGTAGTGGTTAAAAATCAAAGTAAAAGAGAG
seq31572_shuffled_0	AGAAGGCCTAGACTGTGATCAAGAACTGCATGCTATGCTTAAACCTTCTTTGACTGATTGGTTGTCCCACTATAAAGGGCTGGGCTCTCAGACATCTAGATCCATCAAGGTCCTTGGTCTTCATTGAAGAATCACTCTCCCAAAGAAAATTGTTCTCGAGCTCAGGCGGCTTCTCAAAGGCCTCCTCCAGTCCCCTTAGA
seq3164_shuffled_0	ACCTAAGCGTTGGACAGAAGTTACTCTCTTTACTCGACTCAATGCATGGTTGTCTTTAGCTACAACAACGAGTAGACTTTATTCTAATAGACTTCGATTGCAAAAGATGTGGCCTGTAACAACACAACTCCAATTGCTCCTCATAAAAAGTCACATTACATGCACTCTGTGCTGACAACGCCACGGTGCTGTTGTCTGCT
seq31861_shuffled_0	ATATGACTGTTGTGATTTTTTACACTTGTGTCAAAGTCAATAGGTTTGGCTTTGTAAGCGAGGTTAAAAGCTGCAAAGGGATATTTCTCCCCTGGCATACCTCAGTCAACATGATTGAAAGTCCATTCAAAACATAAGCTATTCCAGGCTACTTGGGTTAACAAACGCTTAGAGAACTGGAAATTGAGCCATATAACTGA
seq31867_shuffled_0	CAGTTAGCCTTTGTTTCTGCCTTAAACAGCCGGCCTGTTGATGAACACCCCTCCTGCTCTCACTTATTTTCCTGCTCCTCTACCAAGAGACACTTCCCAATTAGCATGCCCTCAAAGGCCTTCTTGCTCCTTGCCTTACTCTGTCCTATTAGCTCCAACAAGAATCAGCACTGAGGGGTTCCACTTTCCCCTGCAGTCAA
seq31878_shuffled_0	AACCCCGTTAAATACATCAATAACACTCAGAGGCCGTAGATCCTGTAAAAGACTACTCAGTGGTGAATCAAGAGCCCATTCATTAGTTTGCAAAAAACATAAACGGAATAGCCTGCCAGGACAGTGAAAATGGGAAACAAGAGCACAACCAGATGAAGAAGGTTTAAAAGGCAGAACATAGGGGGGGCAGAGTCATACTG
seq31928_shuffled_0	CTTCATGGGGATTGTTCTAAATGGCGTCACCCCACAGTGGCAGTAACTGCAAGAGGTTTCATCAGAGCTTAAACAGGCATTTGTTCTTACTGAGCCAAGTAATGACCAGGATGCTTGGTGGGTGGGACAATTCCTAACAAAGAGAGTGAGACTGACTGAAGTCACAGAGCTTGGGAATGCGCAGGGTCTTAGCCAGGCCT
seq32091_shuffled_0	TCTTGAAGGTGCCTGGCCATGGGAGGATGGCTGCAGCCTTCCAACCACTACAGTTCACACTGGCAGTTGCTGGAGTAGACAGTGGGCCTGGACTATGCTTCAGTCTTAGGAAGGTGTCCCTTAACCATGTTTCTTTAGCGAGAACATATTCACTGGCTGTGTAGCCCTCGCCAGATCAACAGGACATGATGGTGGATTGC
seq32094_shuffled_0	TTTCTGGATTTTAGAAAAGGTAAAAAAAACATTTGCTTATAAAAGACATGGCAGATTTCGCTTTATGAAAAGTTTATATGTCAGCATCCTACAACTTTCCAGATAGCAAAAACACCTAAAACTAGGTTACAGGAACTTTGGCTCAGCAAATCAGTTCGAAGATTCAAAATCAGAATGATTAAAAATAGACAGTTCCTAAC
seq32228_shuffled_0	TTAATTGAGATAATAACCCAGGCCAAATAGAGCTCTGCTGAGATTTAGCTATAATTGAGTTCTCTCTCTGAGTTGAAGGTGGGGCTTTTGGTGATGGTATGTTCTCTGTTAGAGCGTTCCGTGATGGACCAGCTGAATTGGTCTGTCTAATTTGCTTCACTTGCTTCCCAAGCCAAGGGTTCTCTCTTATAGCTTTTTTT
seq32275_shuffled_0	AAGCTTTGGTCCTGTTGTTACTGCTTAACCGTACAAGTCTGAATATTCCATCTTAAATGTGTCTCCAAAAGATTTGATTCATAGTTCAAATTTACCACTATTCTACTAGGATCACTTTTAGGCATCCAAACAGGATTTAGTGATTTTGTCAAAACCCTGTTTTTGTTGTCTAATTTGCTTGGTTGAGGTGAGTTCTATTG
seq32355_shuffled_0	AATCTAAGATCATTCTGTTCCCACTTTGATCCCCCACTTGATTCAGTGAAGTATGAAGACTTTCTTTGTAACAATTGTTGCATCTGAGTGCTACTCTCAATACAAATTTTCAGTTAGGTTGGACCAGTTTTTAATCGTCTGCTTATAACCTGTTTTTGCTCTGGGGACAATATTGGCTTCATCAGCCACTTATCTCACAC
seq32434_shuffled_0	GTTGGGAAAAAATGAATCCTAATATTGATGAGTGCATTTACTAAAAGTGCATCTACACCTACTTGGACCAACGGCGCACATTTCACTAAATTTTTCCCAAGATTATTTTGAAAGCAGGTTCAAACAGCTGAGCAGTCAGAAGGTGTACCAACTAAAAGCAAGTTAAAAATAATGGGACAGCCCTCTGATTTACACACAAA
seq32446_shuffled_0	CTGTGCTCGCAGCCCCACGAGAAATTTACCGAAGAGCGAACTTTCGACACTTGAAGGGGTGGCCGTAACTTTAGGGTAGAAGGGCCACGAAACACCTCCACTCAGTGTGTACACTTCCGGACCCTAGAACTCTGCTCATAAGTCTCATAACCCAGTAAAGAAACCTTGCTTGATTGTGCGTTCAGGCCGCTATGGTTTGG
seq32458_shuffled_0	TATCTTTGCCAGATCAAGTAGAGGGAATACCTCAAGCTCTCCACTTCTAGGGAAGAGTTGTGGCAATTAAGATCAGGACCAATGAATCCTTCAGCTTTGACCTCATCACATGAACTCCTTTGGCACTATACAGTCTTAGCAGTTCTGCATCCTGTTAACTGCAAAATGTAGGAACAAGGCCATTGTACTGTGGGCATGCC
seq32633_shuffled_0	ATATTGGGGTTTCTTTAGAGGTTTGGGAGCCCCAGAAAGGTGTGTGCTTTTGACTTGAGAACTTCATCTTTAGCCATCCCCACAAATCAGGAAGCAGTTTTTCTTTATTCAAGTTGTTTAGAGTCTTTTTTTTTTTAATACTTGTCCAATTAGACTTCTTATCAGCTAGTTATGTCTGTATTTTCACATCATTGATTTTG
seq32694_shuffled_0	GCTCGCTTCTGGCCAATTAAGCTAGCCGTGCACTCTTTTTGTCCCCTCACCCCAGCCTCCCTGGTTTTACAACTGCCTCAGTACTCACTAACAAATTTAATAGTATCTCAGGAGCACCCTGCCCTGCAATCTCTTCCAACTGTCACTTAGCTGACCTAGAGGATCATGAAAGACCTATCACAGCCCTCTGCTTTGGCCTC
seq3270_shuffled_0	AAAGATGCACAGTTTCTTCATGTTCATCTCTTCCTTTCTCGCTTCCTGCACATCTAACAGGCAAGCAGTCTGCCCTGCTGCAATCTTCATACAGGTCCCCTGCAGTCAAATAAGCAGCTTGCTCTCCAAGGAAGGTTAGAGGATTGTGAGTCAACCTTATCTATTGTACTCCGAACTCAGACACTGATTGCTTTTCTCCA
seq32797_shuffled_0	GCCTCAAGCAAATCTTCTGTGGGATGTGGGGGTAGACCCTCTCAGAGGCCAGCGTTGGAAGCTACAAAGCCCCTTCCCAGTGAGTCTTGAGGCAGGAGGCCCTTGTAGTGCTCTGGGTGTGGTGTATTAATAGTAAGCTTTGACTGACCATAACAAAGCAGTAGATTGAACATACTTAATGAAAACACCTATGAATACTT
seq32867_shuffled_1	AGAGATCAACAGGGCACCTCACTCCCCCTCTCTCCTTTCCTCTCCCCCTTCCCCCTTTCCCCCCCAGATCCAATTCCCCACACTCATCCTCTCCTCTCCTCCCCCTCCAGATCAAACTTTGAAGACGAGAACTGGAGCTCCCTTCCTCTCTCAGGCTGGACAACCTCTCCTCTCTCCCCTCTCTCCTCTCTTCTCTCCTA
seq32908_shuffled_0	GAGGAGGGTTTCTCTCTTTGTAAGTAATCCCAGGGAAGAAGACCAGAGGAATAGATGCCCAAACCATAAAGTGGTACTTGCTCCTGTCCAAAGAGTCTTCATATGGGGCCATGTGACTTTTTACTCCTAACATTCTTGCCCTCATCAGTCTTGATCTCTGGACAATCAGCAATCCAATCTAAAGGCAGAGGGCAATGGAT
seq33460_shuffled_0	GTGTGATGAACCTGCTCAAGTAATTAAGAATTTTGCCAACAAGAATAATTCCTGACATTCTTTCAAGGTGCAGACACTATCAGGAAATTCAAAACAAACAATTTTGGAAAATATGACTTAATGTACTACTGAAGTTCTTCCCTTCAGGGAAGGAAAGACACTAGGCTAATTTGCAGGATGAGGTTACAACATCTGGGAGG
seq33563_shuffled_0	ACTAAAGGAACTGGTAACTCACATGGTGGGAAGGGCACCTACACATGTTGGATCTGGAGGTACTCGTTCCTGACTGCGTTTCCTTGGGGGTCCACCTGAGTGAAAGACAAGTAGACACCAGGTAACACCAACAATTCCCCTTTCAAAAGAAGCCTCACACTTGACTGGACTTTGAGTTCATCCCTGAGCAAGTGCTATTA
seq33601_shuffled_0	CCACTTTGCTCTCCTCACTGACAGTATCAAGACGATTTGCCTGTCTCAGATGACTGGCTTGAAAAGACAGGAACTTGTTTACCACAGCATGATGACAGGAATTGCTCTCAGGGCCAAGCTGCACTGCTGTGGTCATTGCTGGCTAATTGTATACCTTCAAATGGTTAGAGCTCACCTGATGCTTTGTGCCACCCCACCAG
seq33750_shuffled_0	GTTCCAGGCTCAGACATTCTGCCCATGTACTCCAGCATGAACTGCAACTGCGCTCGTTTATTCCCCTCAACTCATCTGAACAAGTGTATGGAGAAACCTGGGGCATAGCCAGGTCCTATCGATGGAGGATAGATCTTGTCCACCTAAAATTAATGGCACGGGGAACCAAGTTGGTCCTGAAATTTTAAAACCTAAGTAGA
seq33776_shuffled_0	CAACAAAGGGTGACAGGATTCAAACATCTCATGTACGGTAAACAACGCTCTATGTGGCGAGAATGCTCAGGAGTGTGCCCCCTGAGAATTCAGCTTCCTATCAATGGTGGTGGGCCAACCAGGCACGTGCTGACTTTGAACTTAGAGGGTCTAAAGCTGCTTTAAGCAACTAAAGGCCGGTCCCACTCCTGTGCAGCTGA
seq33936_shuffled_0	CCTTGCCTTCTTGGATCAAATATCCCCAAGATCTCTAGACTTTGGCAATCCAAGGCTCCCAGAGATAAGTGGGAGGACAGCCCACATACAATGGAGCTTACTCCACAACCCCCAACCTTATCTTTAGCACAGAATAAATTTAACTCTCCAACAAACCAAAGGAAGCAAAAATTTGTTAATTATAATCCCATTATTAGCCC
seq3395_shuffled_0	CAAAGCATGACAGCAACTCAGAGCAACTTCACTTGACAAACAGAAAGGCACCAACCTGCAGGATTTGACATTTCAGACTGACACTCAGACCCTCTGTTGAAGCCAGTGCTTGGTGAATGGGGAAGTCAAAGCACTCCCACTAGGACATATCTACTCGAGCCCCAAACCCCAGCTCTTGCATGTACCTGCACAATTAGGCT
seq34012_shuffled_0	TGTTTGGAGGCTAAATCTTCTAGCTATCATATTAAGTCCAGCACTCATCCGCCATTCATGGACCAACTGCTACTTACTGTATGGTAATATACATCTCTGTATCATTCTAATACTTATACCATGAATAATTATTTTGTCGGTACATATAAAGGTCCTACTATTACTGTAATAAGACATTTTAATATTATATAGAAGCAGAC
seq34133_shuffled_0	GCAATCTGATGTACCAATGTGTCTTAATTAAAGATTTTAGTTTTGTCCTGCTTAATCTATTTAATGCATTTCATGTTTTATCAAAAAAAATAGAACAAAGTGGTCTTTTGGGTACAGCTCATTAAAGAAAGTTGACAACACTTTTTATCCTGAGCCCCAAATCTTTTATAGTTATGAGAATTCAGTATTGTACCTCATTC
seq3429_shuffled_0	CAGGCCCCGGCGCAGTGTAGTTTATGGCGGTTGCTGGTTGGAAATGTTCGTTCTTGTGCGTGATGTGCCTTGAGGTCGAGGCATACTGAGTGGAGTCCCTTGTGAAGCGCCATGAGTGGTGTGATGCTCGGTTTCTGGCTGCCCAACAAGGCCAGTGAACTTGCTACGCCTTCCGGGATACTGGGTTGCTTGTGCGTAGG
seq35_shuffled_0	ACAGCCCCTGACACAGTCACCGGCACACCTTCACACAGTGTCACACTCATTCCATTACACTGGCAGGTGTGGCATGGACTCAGCACTCACCAGCACATTCTCATCAGTACACTTTGACCACGGGAGCCCCACAGTTGACAGCAAAAGGAGCATATCATTTCCGCCTGCCGCACCAGCCGCCTAGAACTGCCTGCCAACTG
seq3607_shuffled_0	AAAAAACTAAAGAATAAAGCACAATGTGAATGAAGAAGGTAGCAATGTGCATTGGGCTTCTTCTGGATGACAGCAAGACAAATTCCCGCAATAGATTGAGCCACAGATCAGGGATCTTTGAATTATTCAAGTGTCCTGCAAGTACATAAAACCCTGCAGGGCACAGTAACACATAGTTCAAAATCCAATGTTAACCTCCT
seq373_shuffled_0	GAATCGTACCTTTTGACACCCGATAGTCACAAGAAAGTATAGACAATGCTGGATGCTGAGAAGCCCAGAAGGGGGAGGCTCTGAATGCCTGATCACATGAACAGTGTAGTTCGACTGCCAGTTTTGGTTGGTAGTGGGAGGAATGAGGCTTAAGGATTCATAACTAATTTCGTGATGGCACAAAGGTAAGAAACAAGGGG
seq422_shuffled_0	CTCCTACAGCACCTTCCGTAGCCTCCCCCTCTGCAAGGCTCCAACAATGAGGAGAGTGAGCTCCCGCCAAGCAATCTAGGCAATGAGCTAGCAGGGCTGAAGAGGGGCTGGGTGGAACCTGCTGTTCAATGAAGCCACCTGAGCAGCCTAGCTTGGGAGCCTTGCTTCTGATTGGTGAGGAGCCTCAGGAGGAGGACTTT
seq4389_shuffled_0	GCAGAAGTCTCCACCTTGAAGCTCTAGCCTTGAGCAGGCCAAGGTGAGAAGTCACTGCCATGCAGAAGCCATTCTGCCATCCGGGAAAGTGGGACCTGTAGGACACCAGGGAGACCAAGGGGAAGTCGCTTCCCATTCCCTAACTCCTGGGATTACTCAGCTGAATGAGGGTGAACTCCTCAGGAACCACATAACTGAGA
seq4459_shuffled_0	TTGGGTCCCCACAGCCCGGCATTCCTCTCAATTAGTTGAGGGTACTCCCTTTGGGTCTTCTTATCTATGCCACTTAACTATCCAGGAAAGGCAGAGAGGTTCTAAAAACCCTAGCTGCCTTACTCCATTACTGTTACAAATCAACTGGAAGAGAAAAAGGTTACCCCAGAGGCTGAGACTTTAGACTAGGCAAGAAGTGA
seq4519_shuffled_0	TTCTACGGAAAGGAGTGCAATTGATTCAAGCATCATGCTGGTGATAACCTTTCAGATAAGGTTAGTTTGTAGAGGAGCTTCACCTCAGTACAAATAAGCCTTTTCTGTGGAGTACTTGTCCAGAGAGGTGTCTTCAAACCTGAGTTTCTAGAGGTCTCACCCATTAAAGAGCAAGAAGTCCACTTTCTTTGAAGCAGAGT
seq4589_shuffled_0	TGTACCAGTTCTGTTCAGATCCTTGTAGCAGGCTGTCCTTTCAATCACACAACAGTCTAGAATTCTGCTGACTCCCTCTCTAGAAGTGCCTCCCCAATGCCTCCCCAAGCAGCCCTGGGGAGAGCCTCCCTGTGCACTCACTCCAAAAACATTTTTCCAGCAAAGGTTTCTCCCCTGTCACTCTCCAGAGCCCGTGGTGT
seq4924_shuffled_0	AGAACCTTAGGCTCTGGAGAACATAGGTGTGTTCTCATGACCCCTTTTCCTCCACAGGAAGCTTGACCAGCAAGGCAGACTCAACAACTGGGGATGGGGTGTAGGCATAGGACCGCACATTAGCAGCCTGCCAAGTCCAAGCAGTCTCTAGCCTGAGAGGGGCCGGCAGAGGTTGCTAAACCTTAACCTGGCAATTAGGA
seq4928_shuffled_0	CAGTGTGCCTAGTGATGGTAAAATCTTCAAGGGTGCGGCATGGTTTCAGTGTTGAGATCAAAACATAGGAAAGCAAAAGAAGAGAGCAGCGAGTGATCGTTTATTGGGAACCAACTGTAGGCCGACCTTGTTGCGAAATAAATGGGTAGGCCTTGTGGCAACTCTATTGCTAGCACACAGGACACAGCTGGCGCTGAGAG
seq5085_shuffled_0	CCTCCAAAGAATGCTCCTGGTAACCCTGAGAAGGCTCAGAAGAATGAGTAGAGGCTCAAACTCCTATCTGTTCGACTATTTCACAACCAACATGCATCACTGACTACTAACACTATCAATTAAAAGAAGCAAGGTGGCACACAGGCAGACATATCTAAGGTGGCCACCCAGGACCAGTATAGGGCTTGGCAGGGCATCTC
seq5176_shuffled_0	AGGCAAGTTGGCAGCTGTGCTTGCTGAGAGCAACGCCGCTGGTAGAGCGCAACAGCTGACCTCAAAATGTGATGGATAGGACCCGCTGGAGCGAGGCTAGGATGTGCTGCGAAGCGAGGAAGGAGCCTGCTAGCGTGCAACCGTGTGTAGTAGAAAGGGGCAAGCAGAGGTGAGAGGCAGAGGCAAGTGCTCAACCAGGG
seq5185_shuffled_0	ATCTAAACTAATTGGGCTAGCTTGTTTGCACCCCTGGAGGCATCATTTGGCCACTGACTCTTCTGGGGCACCACTAAACTTCTTTTGGGAGGGACTTCATGACCTGACGTACCCATCCTGTAACATGACAGAGAGTAGAGCCTGGACCTGGTAGCTCCTATCGCAGTGACCTGTCCTCAGGTACCATACCCACCAATTTC
seq5206_shuffled_0	TCATCATAATGCTAGTATGGCAATGGATAAGGGGTCAACGTGCGGTGTTTTTTTCTCTACACTGTGTAGGGTGAAGTACTGGAGAAGAATTCTTGAGATGTTAGGTGGATTTTTTCTCACCTCTCTTTCTTTTAGCAGCCAACTATCTTGTAACTTTTTGAAATACACATTCTTGATGCTTCTCTGGTGGTAAGCTTATC
seq5321_shuffled_0	CCCATAAAGCCTTGTTTGCATCATATCTGGTATATAGGCAATCTGTTTGAGTAGGGGTGCCGCCAAATCTGCTACTTCACGAAAGCCACATTACCCAGCATCAATGGGTTCCCAGAGGATTCATGACTGAGCGTTGTGAGTAAGATTTTTACAGCTTATTTCTTAGTCCATCCTGAGACACAATCTTAGTGCTCCTGAGA
seq5339_shuffled_0	CTGGAGGAGGGGGACGCAGCAGTAGGGCATGGGGCGTCAGCGCCTAGAGCCGGGTAGAGTGTAGAGCCTGAGAATGCTGGGGTGTGGTGTTCGGGTGTCAGCAAGCAAGTTGCCCGGCGCTGTCCCGTGAGCGCTGGCAAGGCGAGTTGTGGCGGAGGTGCCTCGTTCCCCCGCAGACAGGCGGCGCGTTAGCAATAGCG
seq5564_shuffled_0	TAATTTTACTGAACAGGTCTTCCACATTGGGACACTGAAGGCAAGTTCTCGTCAGATTCTCAGGGTCATGCTTTGGGTGCTCTGTGTGCTTAGTACTTCAACACTGTTGAGCTTGCACTGTGTCCTCTTGAGCTGACAAGGATGGCTTAGAAGTAAGACCTCTTGCTCACTTGCAGCCTAGTTTGTGGCAGGGCTTTCCA
seq5575_shuffled_0	GGTTAGCCACTAGCTAAAGTTCCCCCCATGCTGGAAGTCACTGGGAGTGTGCTCCAGCCAGGCTGGATAATCTGCTTGGCTGGAGGGCTCACTAAGTCACCCTAGGCTTCATAGACGGAGGGGAACTCTTGATTCTCCACGATGCAGACCACTTCACCAGCTTCTTGCTCACATGATTTTCCCTCTCAGTGAGGCCATCT
seq5591_shuffled_0	TTATGTTTTTAAGGTAACCTGAGGTTCTGCATGTCATTTAGGGTCAGCAACCATGGTTGACTTTGAAATTGCCTGCAGCACTCACCTACTGGTCTGACAGCAGAATTGGGAACTGAGGGTACATGGAGTGGCTCAGAAGCCACTTGGGTCTCATTATTGGAGCCCATAACTACCTGAGCCTCACAGACCAACACAAGGAG
seq5818_shuffled_0	GAGTTCTGAAGACTTAATGACTCTCATGGAATGCTGTATACCAATAGATTCTGATCCTCTCGTACATAACCAATTAAACTGATGGAGCTGAAAAGCTACTTAAGGACAGGCCGCCTTCTATTGAATGCTTTTCAGGGTTGACTAGGTGCAGCCCAACTGGTTATTAACGAGGTTACCCACTCTCCACTTTTGGCCTGAGC
seq5834_shuffled_0	GCTGATGCATCAGTCCAGAATTCGCTTTGGACCTATCCTACTCTTTTTACCAATACCCAAGTGAGAGCTCCAGTAGCAGAGAACTTAAATAACTTAATCTTTCTCCAGTTTAATCTTACACATTTAGCCAAGCTATTGCATCTATTGAGAAACTTGTTCAATTCAGAAATTCACAATACTAGGGAGCACTTCAGTAAACT
seq5839_shuffled_0	AATATCCCTATTTGAGAAACGATAGATAAAGGCCAAGCCGGCCTAATATTTCAAAATACCCAAAGGGTGGTTCAATCATGATACTAATCTTAAACCATAAACTGTAGAGATGGGATAACTCTGGTGCAACCTTTTGGGCCCCTGGTACATCCCTCACCAGTTTTATACCCATAAGAGCTAACCTGTGACAAGATGTTCAA
seq5859_shuffled_0	CTGAGATGGAGTATCTGATCCTCACCAACATATAAGAACTGGCTGATGCCTGGCTTTTTTGCTCCCTAAAGCAGGTTCAAGTTGGGGAAGGGGCTGAGGTAAAGAAAGAAAGCTTGAGGTGCAACTGACAAGTGTCACTCATCAAGGAAGGTGATCAGCAGTATGTTGCAGTAAAAGCAAAACTAGTATTCCGCTCAGGG
seq63_shuffled_0	CCAGATGTTTAGATTTGACCTCCAGTGGTGCCTGGAGGAAATCTGTCTTAGCCTCTAGGCCAGGGTTCCGTCTGAGAGACAGGGGCCAGCTCGCGCCCAGCTCTCAAACCCTTTGGGCTTGCTCCAGTGGAAACTCAGGCTGGGTCAAGTTCGTTGGCGGGTAAATTCTTTTTTGGACATTGCCCACTTTGGTTTTGGCT
seq6336_shuffled_0	AGCAAAATCTGAGACATTATCTAGTAAGTCAAGTCTGAGGGCAAAGAAGTTTTACTCCAACAACCTACAGAGTTGCAGCAGGGTGTTTATGTTCTAAGAAGGTAGACCAAGGCAAAGTACCACCCTATGCACTCTTTCAACTTGCTTAATATTGTCAACTGAGTCACCTTCAAGATGAACAGCACCTGTTTTGTTTACGA
seq6466_shuffled_0	CCACCACATGGGCTGCTCTCTAGGTTTATTCAGGCCTCCATGTTAGAAGACTCATGTCATCACCAGCAACTATAGATGCCTCTAATTACTTTTATGTATAGCCTTAAGGCAGCTCAGACCAGAGTCTTGCCATTTCACTAGCTTGAACGTATCTCTCAAAGGAGAGGAACAACTCATAAGTGGCCTGCAATGAACACACC
seq6680_shuffled_0	GTTCCTGAAAATGTTTTTCCCTTTCTTTGTTATCTCAGTCCAAACTGTGGATCAATGGAGAAGATCTCTAAGCTAAGTTCCAGCTCCTTTGCTATCTTGTTCTAACTTTCAAGTTCAGTTCCACTGAGCTCCTAAAGGTGTTATTTCTGGAATGCCTGTCTCAAAGCCTGTGAGTCTACTGTGGACACAGCTGTACAGTA
seq6817_shuffled_0	CAAAGTCTAGCAAAACAAATCCCCAATGTAACTGACCCCTAGAAGGATAACATAAAATTTATCAGAACAAAGCTTGAGAGCCCCTAACTCTGCTTCCAACTCTCCCTAAACCAACAGTAGGAGGGGCTGTATAGCAAAATTATGTGAATGTCCTTTTACCACAATTGGTGAGCAAACCTTACCAAACACATACACTCTGA
seq6874_shuffled_0	CTCAAATTTGCTGCACTCATCATTGATACAGCCCACAACAATCCTAGAAAACACAATTGAGGTCTAGTCCCAAACTATCTTCCATTTTAGATCCTGCCTCTCATCCCTGCACTCTTCCATACAACGCTGGTTTCCCACTTATTGCCCCTCCTAGTTTTAGCCCCTCAGGATTCTCTTTCTAGCGGGTAGCCAATTCAATC
seq6933_shuffled_0	TCTGCTGTCCTTTTTTGTCAGTCTCTGGCCAGTGCCACTTCTCACCATCAAGTAGAAGGGCAGTCGGTGAACACTCTTAATTACAGGATCTGCCAAAGAGACACAGTGCCCAAAAGGAGCCTCCAGGCCTAAGATCCACCATTCTCCGGAAGTAGCTCACTGGGGCTAAGGCTGCTGTCCCCATGGATCCATCTCACCAC
seq70_shuffled_0	AATCGCGTTACAATGTTGTAGTTCACTATCCCAGTCCTTATGCTCCTGAGTGCCAGTAATCAAGAGGAAACTGCTGGCAGCACGGCTGGCAGGGGGCCGCCCATCTAGTTACGGCCATTCAGCACTTCCCTGCTGTCTCCAAGTGGCAGTTTGCAGGGCCATGGGGACTGAGCACAGCAAGCAAGGCCTCGCGCTGATGC
seq7022_shuffled_0	TAAGAGCCATGTTAGGGAAACGGGCAGGGGCCTGCCACTGGAGCAGTTCTGAAGCAATCTGTTGGTGAAGCACGGGCTGCCAAACAGGTGGGGGGAAGGTAGCCGGGTCCTAATCCAAGAGCTTGAAGGGGAATAGAAATTGAGAAGTTTCCAGACTGATCCAACAGAAACGTGATTAATGAGGCAAGCCCTCTTGTGAT
seq7090_shuffled_0	GATAGAACCCTAAAGATGCATATTGCAACTGTTTTAGTTGCACTATCCTACATCATTCCCCCTTAGTCAATAAGGTATGGCAGGACAGCCATGATCATGAATTGGGATAGCTAACTAGTGGGGTTGCAAATATCAACACAGGTTCTGGTATTGCTAGAGACATTTGAAAACAGTATGGAGAGGGACATAGCTTATACAAA
seq7165_shuffled_0	TCAGGCATAAGCCTTGTGAAGGCCTCTGCTGTGCAGGAGTGCATTTGCACTCACAGAGACTACACACATCTCATGATGATGATCTCAGCACAAGGCGTCGGCCGATTGTTCCCCAGGATACCGGGGACTTCAGCGTGTCAGGAAAATAATTGATTGTATCTAACCTAAAGTTGTTGAACAAAGCTCAGGGTCCAGAGGAG
seq7214_shuffled_0	ACCTCCAGGAAGGCATACAACGGTGCTGACATCCCATCCAGGGTTTGCCAGAGCAGGTACTAAAAGAGATCCCCCAATAGGCAAATACAGGTTCGAGTTAAGGAAAGGGACGGATTAGAGCACCGAAGGCGGAACCAGTGAGAAGGAAAGGTTATGCGCAGCCCTTTGCAGGCTTAGTAACCTGCAGGGGCACCCTCTCA
seq7516_shuffled_0	TACCTAAGTTACATCATTCGCGGGGTGGCATGATATTTTGCTTTCTTACTGTGTTCTCCTCTTCTGCATGACCACAGACCTAATTGCCTCATACTTGCATTATAACTGCTTTTATTAACCTGTGCCTTGCTTCCTGCATCCTTTTCATGGTTTGAGCTTCAGTTGTGCATGCTCTAAGGTGTGAAGCACAGTGTAACAGG
seq7542_shuffled_0	CAGGCAACCCTGTTGTCTGTCAGTTATGTGCCAGCTCCTCGCTTGCCCAAGGGAGTGACTCCAACAGCTGCCACCAAAAGAAAAAATGATGTATGCATCTCCCGAAAAGGGCCCAGATGCTGCAAAGTGGGCATGGCTGCTGCAGTGGGTGAAGGACTCCCTAGTTGAGACTCAAGAAGCCAACTATCTTGATAGAGCCC
seq7556_shuffled_0	TCTCCCTGAGGCAATCACCAGCTGTGAAACCCAGCTCTATCAGGAAAAAAGTGGTCAATTTTGGTGGCCATGGGTCTCTGCCATCGTAGGACTGTCCTGAGGCCAAGGCTTTAGGGCAGGTGTGGGTGCTGCTTGGCTCTCTGAAACAACAGTGCCCATGAGCCACTCTGTGCTCTGGCGGTTGAGCCAACCAAGCATCT
seq7794_shuffled_0	CAGCTGGCTGAACCTTTTTCTGCGCTAACCCGAGCTGGTATTGTGACAACAAGGGCAATGAGCATCTTAATGGCGACCTATATGCGAAGTTTTCTCAGCCGTTGAGACGTTGTCCCAGGCGGTCTAACCAGTCGCGAGCAAAGAAACGCCAAGGTCCTTGGCTTTGAGTTGTTCGCGTGCTCTCCGCTGCCAAGCCTTTT
seq7815_shuffled_0	TGCACAAGGATTTTTACTTACTCTTAATATAGATTTAGAGTCAGGTTGAGCGCCCAGAAATGTTAAGGAAAGTTTGGGAATAGGATGTGAAGCTGACAGGGCGCAGAAATGGGAGAGGAAGGATGTTTTGAAGGGACAGTTTTAAACACAGAGGATAGAACATCTTAGTCGACGTAGTTGCACCAAGGGAAGGACCGAGA
seq8237_shuffled_0	CTCCTATTCCTGAGAGCTCAACTCTGTCGATTCCTCTGCTCTGTACTTCAAATGACTCTCTCTTTACCATGCATAATTCATGTGATCAGGACATTCTCTGTATCATGTTCTGCTGCTCCCTGCATTCGTATTCCAGAATGGGTCATTCAAGTCAGTTCCTTGGCTCCAAGGGGGCCTAACTTGGTGCTACGTGTCACTGT
seq8262_shuffled_0	GGGACTGAATTGAGATTCTTCAAATAGGTAAACCAAATCCCTCAGTGTTACTAATGAGCCTTACACATAGTTGTTAATTAAGGCCTGCTTAACTCAACAAGCTATTGATTCTAAAATTGTAGGTTCAAAGCATCCTGGAACTTGTGTGTCAAAAAAGTTTAAGAACCCTAGGATTGCCTGCCCTTTTCTTGCTTTTATTG
seq8510_shuffled_0	CTGCCACACCAACCACCTGCAACATGGAGATAGCCACCTATCCACATTCTGGGATTTCAAGTCGTATTGCACCTCTACAGCACCTTGGGAGCTTAGCCTCCCTTTCAGCACCTCCGACTGACAACCAGACTCAATCTCCTGGTCTGGCTGCTGAGCCTTGGCTGTAAGATCTCATACAGACATAACACTCTGAGGAAAAC
seq8536_shuffled_0	ACACCTCCCTAATCTCTAGCTTGTGCGCAAGCCGGACCCCTATGGATCCCTAAAAGAGCCCATCCTCGGAGATAAGTCACCCCTATTTCTTTCTGCTCCTGGGGCCGTCGACTCTGCCAAAGTCTTTTGTCTCCCAGTCCCTACAATGTCCCTTCAAAAATCGTCCACCCGGCCTCCCGCCCTCCCTCCTTACCCAGAAG
seq8784_shuffled_0	GAAAAGCTCCGATGCAATGGACACGATCATGATCAGTTGGAGCTGGAATCTCTGGATGAGCCGTCTGGTCAAGCAGAATCACTCTAAGATCGAGGAAAATGGGAACCAGCTGCTCTGACCTCTGAGACCAAGTCCTAGCCTCAGCACCAAGAATTGCAACTCACTCCGGGCACCCGCGCTGCCCTCAACCAGACAGTGGG
seq8966_shuffled_0	GTCTCACACAGATACAAGGCCCAGCAAGCAGAGGCTGTTATCGAACAAGCACTCCTCCAGGAGCATGTCTCTTTGCCCTCTCTGGCCTATCATGCCTACTCCAAAAACTGAATAAGAAGGTAATTCATCACAAGTTTTCTTACAGACAGGGGATAGGCCCGGAATTTTTCTTGAAGCCCCAAAAATGGTAAATTTGTAAA
seq8977_shuffled_0	TTCTCAGTGAGAAACCAGGTGTGGGCCAGAGGTCTTCTTGTGTGGGTGCGAACGGAGATGGCTGGCATCTTCGAGGCCATGCTCCAGTGAAAACGCTGCAGTTCCTGCCCCAAGGAAGACTGATCAGGAGGAGAAGTTTCCCTTGCACAGCCTGGCCCCAGGCTTTGTAGCTTTCTAATGAGCCGGCTGCCAATGTGAGT
seq8996_shuffled_0	ACAAGTTAATCACACTCCCTGGCTTCAGCATTGTAATTGATCTTAAGTGACTCCAGGCCACAACAGAACCTTCCAAATTATTTAAAGAACATTTTACACAACTAGAAGACGATTATACCAAACCCAAGGTTATTTAACTCTTCAACATTCGATTTGATAAGATTTCAACAACACTGAACCTATCACCCATGCACTTTGTC
seq90_shuffled_0	GTCATTCTGAGAAGGAGTGACCGGAAGTTCTCTCCATTGTGCCCCCAGCCAGCCCCACCGCTGGAGTCTGTGTAAAAGCTGAGTCCTGCTGGAGGAAGTGAAATGTGACGGATGTCTCCAGATGTTGTGGACTGTATCCATAGGCAGCACTTGAGAACAAAGACTTCTAGACCTGGGGTCCCTGTAAAGCCTCATCTTGT
seq9128_shuffled_0	TACCTTCAAAGTTGGAGCATTTTTGTTGATGTTGCTGTTCTTTTGTTCACACACCTTACTTTCTGTTCTCACCAACTACTTGGCACTATGCTTGGGCTGGAAGGTAAGCCACTAGACTGTCACAAGGAATTCTCTTCAGTGGGAACATCCCCAGGGGAAACTTTAAATAATTTAAGCCAACAGATTCATCCCCTACCACA
seq940_shuffled_0	TTCCTCAAGCTGTGCCTAGAAACCCTACACCGTGAAGAAAAGAATTTACTTGCCTTTGGCTCAAGCTACAAGTGCCATTGCCAGAAAAAAGAGCGAAATAACTATGTCACTAAGCTGGCCCTGGGAGAAATAACTACCTTTTGAATCATTACGAAAGAATGAGCTAAGGAAGAAAAGGGTTGTTTTGGCTACGAGCCTTG
seq9450_shuffled_0	CTAGCTTGCTACTAGCTATGACTCTTATAACGAGTCATTCACTCGTTTAGATGTCACTGTGGATGTATAGACTGTTATTCCACATGTCTACATAATCACTAAACAGTCTCATGTATGGCCCTCTCTGTGCTCTTTTTCATGAGGTACCGGCGTTACTCATAGTTGACAACAATTCTTTACTTCTGATTCCTGCCACACCA
seq9803_shuffled_0	TATCCTTTTACTTTACATGGCTGAAAGTCGATTAAGCTTCGGTCAACACTAAGTACATAAAGTGATGAGATCCTGTGCATGTTGCTATTTAAGAGGAGTCTTTTTGAGAAGAGGGTCTTATTGTAGGCTTAGGGTCTGTCTACTAGGTCAAGGCTTGACTGAGGGCAAGAGCAATAAACTGGCTGTTTATGAGTAGCGAG
seq9900_shuffled_0	TCGAAAAGCGAACTGGTTAACCCCCCATACCAGAGGTGCGCACAACGCCTTTAACTCAATTACACCAGGAGCACTTTCAACGTTATAAGAGGATAATCAACGTTTCCAGTCGGAACGAAGGCTGCGATTCGATGGGGCTGAATGGTAAATCTCTCTTGGACAACAGGTTAAATCGTTATTCCAGTTCTCCACTTCTCACC
seq9977_shuffled_0	AGAGAGGAAGAAATGCTGTCATAGCAATAATCTTTACATACCATCCAGAACTTTGGTTGGGCGACAGCTCCCTTGAGAAACCAGCTAACTCCAGTAGCCTACCCAAGATATGGCACTAGCTTCCTTGAATGCCTTGTTAGTTGCAAGTTTTCATAGATTGCCCCTTAATGCCAGCTGCTTCATCAGTAAGGATTCCCCAT
